Chaser,Maleh
,0
הָאָדָם,האדם
רָאוּי,ראוי
שֶׁיִּתְדַּמֶּה,שיתדמה
לְקוֹנוֹ,לקונו
וְאָז,ואז
יִהְיֶה,יהיה
בְּסוֹד,בסוד
הַצּוּרָה,הצורה
הָעֶלְיוֹנָה,העליונה
צֶלֶם,צלם
וּדְמוּת,ודמות
שֶׁאִלּוּ,שאלו
יְדֻמֶּה,ידומה
בְּגוּפוֹ,בגופו
וְלֹא,ולא
בִּפְעֻלּוֹת,בפעולות
הֲרֵי,הרי
הוּא,הוא
מַכְזִיב,מכזיב
וְיֹאמְרוּ,ויאמרו
עָלָיו,עליו
צוּרָה,צורה
נָאָה,נאה
וּמַעֲשִׂים,ומעשים
כְּעוּרִים,כעורים
שֶׁהֲרֵי,שהרי
עִיקָר,עיקר
הַצֶּלֶם,הצלם
וְהַדְּמוּת,והדמות
הָעֶלְיוֹן,העליון
הֵן,הן
פְּעֻלּוֹתָיו,פעולותיו
וּמַה,ומה
יוֹעִיל,יועיל
לוֹ,לו
הֱיוֹתוֹ,היותו
כְּצוּרָה,כצורה
דְּמוּת,דמות
תַּבְנִית,תבנית
אֵבָרָיו,אבריו
וּבַפְּעֻלּוֹת,ובפעולות
לֹא,לא
יִתְדַמֶּה,יתדמה
לְפִיכָךְ,לפיכך
אֶל,אל
פְּעֻלּוֹת,פעולות
הַכֶּתֶר,הכתר
שֶׁהֵן,שהן
"י""ג","י""ג"
מִדּוֹת,מידות
שֶׁל,של
רַחֲמִים,רחמים
עֶלְיוֹנוֹת,עליונות
וּרְמוּזוֹת,ורמוזות
הַפְּסוּקִים,הפסוקים
מיכה,מיכה
ז,ז
יח,יח
מִי,מי
אֵל,אל
כָּמוֹךָ,כמוך
יָשׁוּב,ישוב
יְרַחֲמֵנוּ,ירחמנו
תִּתֵּן,תִּתֵּן
אֱמֶת,אמת
שֶׁתִּמְצָאֶנָּה,שתמצאנה
בוֹ,בו
אֵלּוּ,אלו
וְעַכְשָׁו,ועכשיו
נְפָרֵשׁ,נפרש
אוֹתָן,אותן
הַפְּעֻלּוֹת,הפעולות
שֶׁרָאוּי,שראוי
שֶׁתִּהְיֶינָה,שתהיינה
הָא',הא'
מוֹרֶה,מורה
עַל,על
הֱיוֹת,היות
מֶלֶךְ,מלך
נֶעֱלַב,נעלב
סוֹבֵל,סובל
עֶלְבּוֹן,עלבון
מַה,מה
שֶׁלֹּא,שלא
יְכִילֵהוּ,יכילהו
רַעְיוֹן,רעיון
אֵין,אין
דָּבָר,דבר
נִסְתָּר,נסתר
מֵהַשְׁגָּחָתוֹ,מהשגחתו
בְּלִי,בלי
סָפֵק,ספק
וְעוֹד,ועוד
רֶגַע,רגע
נִזּוֹן,נזון
וּמִתְקַיֵּם,ומתקיים
מִכֹּחַ,מכח
עֶלְיוֹן,עליון
הַשּׁוֹפֵעַ,השופע
וַהֲרֵי,והרי
תִּמְצָא,תמצא
שֶׁמֵּעוֹלָם,שמעולם
חָטָא,חטא
אָדָם,אדם
נֶגְדּוֹ,נגדו
בְּאוֹתוֹ,באותו
הָרֶגַע,הרגע
מַמָּשׁ,ממש
שׁוֹפֵעַ,שופע
שֶׁפַע,שפע
קִיּוּמוֹ,קיומו
וּתְנוּעַת,ותנועת
עִם,עם
שֶׁהָאָדָם,שהאדם
חֹטֵא,חוטא
בַכֹּחַ,בכח
הַהוּא,ההוא
מְנָעוֹ,מנעו
מִמֶּנּוּ,ממנו
כְּלָל,כלל
אֶלָּא,אלא
כָּזֶה,כזה
לִהְיוֹת,להיות
מַשְׁפִּיעַ,משפיע
בּוֹ,בו
כֹּחַ,כח
תְּנוּעוֹת,תנועות
וְהוּא,והוא
מוֹצִיא,מוציא
אוֹתוֹ,אותו
בְּחֵטְא,בחטא
וְעָוֹן,ועון
וּמַכְעִיס,ומכעיס
תֹאמַר,תאמר
שֶׁאֵינוֹ,שאינו
יָכוֹל,יכול
לִמְנוֹעַ,למנוע
הַטּוֹב,הטוב
"ח""ו","ח""ו"
בְכֹחוֹ,בכחו
בְּרֶגַע,ברגע
כְּמֵימְרָא,כמימרא
לְיַבֵּשׁ,ליבש
יָדָיו,ידיו
וְרַגְלָיו,ורגליו
כְּעֵין,כעין
שֶׁעָשָׂה,שעשה
לְיָרָבְעָם,לירבעם
שֶׁהַכֹּחַ,שהכח
בְּיָדוֹ,בידו
לְהַחְזִיר,להחזיר
הַכֹּחַ,הכח
הַנִּשְׁפָּע,הנשפע
וְהָיָה,והיה
לוֹמַר,לומר
כֵּיוָן,כיון
שֶׁאַתָּה,שאתה
נֶגְדִּי,נגדי
תֶּחֱטָא,תחטא
בְּשֶׁלְּךָ,בשלך
בְשֶׁלִּי,בשלי
מִפְּנֵי,מפני
זֶה,זה
מָנַע,מנע
טוּבוֹ,טובו
מִן,מן
סָבַל,סבל
וְהִשְׁפִּיעַ,והשפיע
וְהֵטִיב,והטיב
לְאָדָם,לאדם
וְסַבְלָנוּת,וסבלנות
יְסֻפָּר,יסופר
וְעַל,ועל
קוֹרְאִים,קוראים
מַלְאֲכֵי,מלאכי
הַשָּׁרֵת,השרת
עָלוּב,עלוב
וְהַיְנוּ,והיינו
אוֹמְרוֹ,אומרו
אַתָּה,אתה
בַּעַל,בעל
חֶסֶד,חסד
הַמֵּטִיב,המטיב
לִנְקֹם,לינקם
וְלֶאֱסֹף,ולאסוף
אֶת,את
שֶׁלְּךָ,שלך
וְנֶעֱלָב,ונעלב
עַד,עד
בִּתְשׁוּבָה,בתשובה
זוֹ,זו
מִדָּה,מידה
שֶׁצָּרִיךְ,שצריך
לְהִתְנַהֵג,להתנהג
בָּהּ,בה
רְצוֹנִי,רצוני
הַסַּבְלָנוּת,הסבלנות
וְכֵן,וכן
אֲפִלּוּ,אפילו
לְמַדְרֵגָה,למדרגה
יֶאֱסֹף,יאסוף
טוֹבָתוֹ,טובתו
הַמְּקַבֵּל,המקבל
הַב',הב'
נוֹשֵׂא,נושא
עָוֹן,עוון
גָּדוֹל,גדול
מֵהַקֹּדֶם,מהקודם
יַעֲשֶׂה,יעשה
יִבָּרֵא,יברא
מַשְׁחִית,משחית
כְּדִתְנַן,כדתנן
הָעוֹבֵר,העובר
עֲבֵרָה,עבירה
אַחַת,אחת
קֹנֶה,קונה
קָטֵגוֹר,קטיגור
אֶחָד,אחד
קַטֵּגוֹר,קטיגור
עוֹמֵד,עומד
לִפְנֵי,לפני
וְאוֹמֵר,ואומר
פְּלוֹנִי,פלוני
עֲשָׂאַנִי,עשאני
וְאֵין,ואין
בְּרִיָּה,בריה
מִתְקַיֶּמֶת,מתקיימת
בָּעוֹלָם,בעולם
בְּשִׁפְעוֹ,בשפעו
הַמַּשְׁחִית,המשחית
הַזֶּה,הַזֶּה
לְפָנָיו,לפניו
וּבַמֶּה,ובמה
מִתְקַיֵּם,מתקיים
הַדִּין,הדין
נוֹתֵן,נותן
שֶּׁיֹּאמַר,שיאמר
אֵינִי,איני
זָן,זן
מַשְׁחִיתִים,משחיתים
יֵלֵךְ,ילך
אֵצֶל,אצל
שֶׁעֲשָׂאוֹ,שעשאו
וְיִתְפַּרְנֵס,ויתפרנס
יוֹרֵד,יורד
מִיַּד,מיד
וְנוֹטֵל,ונוטל
נִשְׁמָתוֹ,נשמתו
אוֹ,או
כוֹרְתוֹ,כורתו
נֶעֱנַשׁ,נענש
כְּפִי,כפי
עָנְשׁוֹ,עונשו
שֶׁיִּתְבַּטֵּל,שיתבטל
עוֹשֶׂה,עושה
כֵן,כן
וְסוֹבֵל,וסובל
הֶעָוֹן,העון
וּכְמוֹ,וכמו
שֶׁהוּא,שהוא
הָעוֹלָם,העולם
כֻּלּוֹ,כולו
וּמְפַרְנֵס,ומפרנס
שֶׁיִּהְיֶה,שיהיה
מִשְּׁלֹשָׁה,משלשה
דְּבָרִים,דברים
שֶׁיָּשׁוּב,שישוב
הַחוֹטֵא,החוטא
וִיכַלֵּהוּ,ויכלהו
וִיבַטְּלֵהוּ,ויבטלהו
בְּסִגֻּפָיו,בסגופיו
יְבַטְּלֵהוּ,יבטלהו
שׁוֹפֵט,שופט
צֶדֶק,צדק
בְּיִסּוּרִים,ביסורים
וּמִיתָה,ומיתה
בַּגֵּיהִנֹּם,בגיהנם
וְשָׁם,ושם
יִפְרַע,יפרע
חוֹבוֹ,חובו
שֶׁאָמַר,שאמר
קַיִן,קין
עֲוֹנִי,עוני
וּפֵרְשׁוּ,ופירשו
"חֲזַ""ל","חז""ל"
כָּל,כל
יִרְצֶה,ירצה
וַעֲוֹנִי,ועוני
כָבֵד,כבד
שֶׁאֵין,שאין
לְסוֹבְלוֹ,לסובלו
פֵּרוּשׁ,פירוש
לְפַרְנְסוֹ,לפרנסו
שֶׁאָשׁוּב,שאשוב
וַאֲתַקֵּן,ואתקן
מִדַּת,מידת
סַבְלָנוּת,סבלנות
גְּדוֹלָה,גדולה
שֶׁיָּזוּן,שיזון
רָעָה,רעה
שֶׁבָּרָא,שברא
יִלְמֹד,ילמוד
כַּמָּה,כמה
צָרִיךְ,צריך
סַבְלָן,סבלן
לִסְבֹּל,לסבול
עֹל,עול
חֲבֵרוֹ,חבירו
וְרָעוֹתָיו,ורעותיו
שֶׁהֵרִיעַ,שהריע
שִׁעוּר,שיעור
שֶׁעֲדַיִן,שעדיין
רָעָתוֹ,רעתו
קַיֶּמֶת,קיימת
שֶׁחָטָא,שחטא
יִסְבֹּל,יסבול
יְתַקֵּן,יתקן
מֵאֵלָיו,מאליו
וְכַיּוֹצֵא,וכיוצא
הַג',הג'
וְעוֹבֵר,ועובר
פֶּשַׁע,פשע
הַמְּחִילָה,המחילה
שָׁלִיחַ,שליח
יָדוֹ,ידו
כְּדִכְתִיב,כדכתיב
תהלים,תהלים
קל,קל
ד,ד
כִּי,כי
עִמְּךָ,עמך
הַסְּלִיחָה,הסליחה
וְגוֹ',וגו'
הִיא,הִיא
רוֹחֵץ,רוחץ
ישעיה,ישעיה
אִם,אם
רָחַץ,רחץ
אֵת,את
צֹאַת,צואת
בְּנוֹת,בנות
צִיּוֹן,ציון
כְּתִיב,כתיב
יחזקאל,יחזקאל
וְזָרַקְתִּי,וזרקתי
עֲלֵיכֶם,עֲלֵיכֶם
מַיִם,מים
טְהוֹרִים,טהורים
וְהָיִינוּ,והיינו
שׁוֹלֵחַ,שולח
מֵימֵי,מימי
רְחִיצָה,רחיצה
וְעוֹבֵד,ועובד
וְרוֹחֵץ,ורוחץ
הַפֶּשַׁע,הפשע
וְהִנֵּה,והנה
כִּדְמוּת,כדמות
יֹאמַר,יאמר
וְכִי,וכי
אֲנִי,אני
מְתַקֵּן,מתקן
שֶׁפְּלוֹנִי,שפלוני
הִשְׁחִית,השחית
כָּךְ,כך
בְּעַצְמוֹ,בעצמו
מְעֻוָּת,מעוותו
עֲוֹנוֹ,עונו
וּמִכָּאן,ומכאן
יִתְבַּיֵּשׁ,יתבייש
לָשׁוּב,לשוב
לַחֲטֹא,לחטוא
הַמֶּלֶךְ,המלך
לִכְלוּךְ,לכלוך
בְּגָדָיו,בגדיו
הַד',הד'
לִשְׁאֵרִית,לשארית
נַחֲלָתוֹ,נחלתו
הִנֵּה,הנה
מִתְנַהֵג,מתנהג
יִשְׂרָאֵל,ישראל
בְּדֶרֶךְ,בדרך
אֶעֱשֶׂה,אעשה
לְיִשְׂרָאֵל,לישראל
וְהֵם,והם
קְרוֹבָי,קרובי
שְׁאֵר,שאר
בָּשָׂר,בשר
יֵשׁ,יש
לִי,לי
עִמָּהֶם,עמהם
שֶׁהֵם,שהם
בַּת,בת
זוּג,זוג
וְקוֹרֵא,וקורא
לָהּ,לה
בִּתִּי,בתי
אֲחוֹתִי,אחותי
אִמִּי,אמי
כְּדְפֵרְשׁוּ,כדפירשו
"ז""ל","ז""ל"
וּכְתִיב,וכתיב
עַם,עם
קְרוֹבוֹ,קרובו
קֻרְבָה,קורבה
וּבָנָיו,ובניו
הֵם,הם
לָשׁוֹן,לשון
וְסוֹף,וסוף
סוֹף,סוף
אֹמַר,אומר
אַעֲנִישֵׁם,אענישם
הַכְּאֵב,הכאב
עָלַי,עלי
יְשַׁעְיָה,ישעיה
סג,סג
ט,ט
בְּכָל,בכל
צָרָתָם,צרתם
צָר,צר
שֶׁצַּעֲרָם,שצערם
מַגִּיעַ,מגיע
לְפֶלֶא,לפלא
לְדוּ,לדו
פַּרְצוּפִין,פרצופין
שֶׁבָּהֶן,שבהן
הַהַנְהָגָה,ההנהגה
וְקָרֵינַן,וקרינן
בְּ'וָאו',ב'ואו'
שֹׁפְטִים,שופטים
טז,טז
נַפְשׁוֹ,נפשו
בַּעֲמַל,בעמל
לְפִי,לפי
צַעֲרָם,צערם
וּקְלוֹנָם,וקלונם
שְׁאֵרִית,שארית
שֶׁהַנְּשָׁמוֹת,שהנשמות
כְּלוּלוֹת,כלולות
יַחַד,יחד
בָּזֶה,בזה
חֵלֶק,חלק
וּבָזֶה,ובזה
וּלְכָךְ,ולכך
אֵינוֹ,אינו
דּוֹמֶה,דומה
מְרֻבִּים,מרובים
הָעוֹשִׂים,העושים
הַמִּצְוֹת,המצות
"וְכ""ז","וכ""ז"
כְּלָלוּתָם,כללותם
הַנִּמְנֶה,הנמנה
מֵעֲשָׂרָה,מעשרה
רִאשׁוֹנִים,ראשונים
מֵאָה,מאה
בָּאִים,באים
אַחֲרָיו,אחריו
מְקַבֵּל,מקבל
שָׂכָר,שכר
כְּנֶגֶד,כנגד
כֻּלָּם,כולם
כְּמַשְׁמָעוֹ,כמשמעו
שֶׁהָעֲשָׂרָה,שהעשרה
כְּלוּלִים,כלולים
בְּאֵלּוּ,באלו
פְּעָמִים,פעמים
וְכָל,וכל
מֵהֶם,מהם
כָּלוּל,כלול
מִמֵּאָה,ממאה
יָבוֹאוּ,יבואו
שְׂכַר,שכר
מִטַּעַם,מטעם
עֲרֵבִים,ערבים
לָזֶה,לזה
שֶׁמַּמָּשׁ,שממש
מֵחֲבֵרוֹ,מחבירו
וּכְשֶׁחוֹטֵא,וכשחוטא
פּוֹגֵם,פוגם
עַצְמוֹ,עצמו
וּפוֹגֵם,ופוגם
אֲשֶׁר,אשר
לַחֲבֵרוֹ,לחבירו
נִמְצָא,נמצא
הַחֵלֶק,החלק
עָרֵב,ערב
לִהְיוֹתוֹ,להיותו
חָפֵץ,חפץ
בְּטוֹבָתוֹ,בטובתו
וְעֵינוֹ,ועינו
טוֹבָה,טובה
טוֹבַת,טובת
וּכְבוֹדוֹ,וכבודו
חָבִיב,חביב
כְּשֶׁלּוֹ,כשלו
וּמִטַּעַם,ומטעם
נִצְטַוִּינוּ,נצטוינו
וַיִּקְרָא,ויקרא
יט,יט
לְרֵעֲךָ,לרעך
וְרָאוּי,וראוי
שֶׁיִּרְצֶה,שירצה
בְּכַשְׁרוּת,בכשרות
יְדַבֵּר,ידבר
בִּגְנוּתוֹ,בגנותו
כְּדֶרֶךְ,כדרך
רוֹצֶה,רוצה
בִּגְנוּתֵנוּ,בגנותנו
בְּצַעַרֵנוּ,בצערנו
הַקֻּרְבָה,הקורבה
אַף,אף
בִּגְנוּת,בגנות
בְּצַעֲרוֹ,בצערו
בְּקִלְקוּלוֹ,בקלקולו
וְיֵרַע,וירע
כְּאִלּוּ,כאילו
הָיָה,היה
שָׁרוּי,שרוי
צַעַר,צער
הַה',הה'
הֶחֱזִיק,החזיק
לָעַד,לעד
אַפּוֹ,אפו
אַחֶרֶת,אחרת
שֶׁאֲפִלּוּ,שאפילו
מַחֲזִיק,מחזיק
וְאִם,ואם
יְבַטֵּל,יבטל
כַּעֲסוֹ,כעסו
כְּמוֹ,כמו
שֶׁמָּצִינוּ,שמצינו
בִּימֵי,בימי
יָרָבְעָם,ירבעם
בֶּן,בן
יוֹאָשׁ,יואש
שֶׁהֶחְזִיר,שהחזיר
גְּבוּל,גבול
הָיוּ,היו
עוֹבְדִים,עובדים
עֲגָלִים,עגלים
וְרִחֵם,ורחם
עֲלֵיהֶם,עליהם
שָׁבוּ,שבו
לָמָּה,למה
רִחֵם,רחם
בִּשְׁבִיל,בשביל
אַדְּרַבָּא,אדרבא
מַחְלִישׁ,מחליש
הַחֵטְא,החטא
קַיָּם,קיים
מַעֲנִישׁ,מעניש
מְצַפֶּה,מצפה
וּמְרַחֵם,ומרחם
אוּלַי,אולי
יָשׁוּבוּ,ישובו
לָנֶצַח,לנצח
אָרִיב,אריב
לְעוֹלָם,לעולם
וּבַקָּשׁוֹת,ובקשות
הַכֹּל,הכל
לְטוֹבַת,לטובת
וְזוֹ,וזו
רְאוּיָה,ראויה
רַשַּׁאי,רשאי
לְהוֹכִיחַ,להוכיח
בָּנָיו,בניו
מִתְיַסְּרִים,מתיסרים
יַרְבֶּה,ירבה
תּוֹכַחְתּוֹ,תוכחתו
יַחֲזִיק,יחזיק
שֶּׁכָּעַס,שכעס
יְבַטְּלֶנּוּ,יבטלנו
גַם,גם
הַמֻּתָּר,המותר
לָאָדָם,לאדם
תִרְאֶה,תראה
חֲמוֹר,חמור
שֹׂנַאֲךָ,שונאך
הַשִּׂנְאָה,השנאה
הַזֹּאת,הזאת
שֶׁרָאָה,שראה
עוֹבֵר,עובר
יָחִיד,יָחִיד
לְהָעִיד,להעיד
וְשֹׂנֵא,ושונא
דְּבַר,דבר
וַאֲפִלּוּ,ואפילו
הָכִי,הכי
אָמְרָה,אמרה
תּוֹרָה,תורה
עָזֹב,עזוב
תַּעֲזֹב,תַּעֲזֹב
עִמּוֹ,עמו
שְׁבוֹק,שבוק
יָת,ית
דִּבְלִבָּךְ,דבלבך
מִצְוָה,מצוה
לְקָרֵב,לקרב
בְּאַהֲבָה,באהבה
הו',הו'
הֲלֹא,הלא
כְּבָר,כבר
פֵּרַשְׁנוּ,פירשנו
בִּמְקוֹמוֹ,במקומו
שֶׁיֵּשׁ,שיש
בַּהֵיכָל,בהיכל
יָדוּעַ,ידוע
מַלְאָכִים,מלאכים
מְמֻנִּים,ממונים
לְקַבֵּל,לקבל
גְּמִילוּת,גמילות
שֶׁאָדָם,שאדם
וְכַאֲשֶׁר,וכאשר
מְקַטְרֶגֶת,מקטרגת
אֹתָם,אותם
הַמַּלְאָכִים,המלאכים
מַרְאִים,מראים
הַחֶסֶד,החסד
מְרַחֵם,מרחם
בְּחֶסֶד,בחסד
וְעִם,ועם
חַיָּבִים,חייבים
גּוֹמְלִים,גומלים
שֶׁהָיָה,שהיה
בִּזְמַן,בזמן
הַחֻרְבָּן,החרבן
שֶׁנֶּאֱמַר,שנאמר
לְגַבְרִיאֵל,לגבריאל
יְחֶזְקֵאל,יחזקאל
ב,ב
בֹּא,בא
בֵּינוֹת,בינות
לַגַּלְגַּל,לגלגל
שַׂר,שר
וְהַגְּבוּרָה,והגבורה
וְנָתַן,ונתן
רְשׁוּת,רשות
כֹּחוֹת,כחות
מִתַּחַת,מתחת
לַכְּרוּבִים,לכרובים
מֵאֵשׁ,מאש
הַמִּזְבֵּחַ,המזבח
דְּהַיְנוּ,דהיינו
דִּין,דין
גְּבוּרַת,גבורת
הַמַּלְכוּת,המלכות
מִתְחַזֵּק,מתחזק
שֶׁבִּקֵּשׁ,שבקש
לְכַלּוֹת,לכלות
לְקַעֲקֵעַ,לקעקע
בֵּיצָתָן,ביצתן
שֶׁנִּתְחַיְּבוּ,שנתחייבו
כְּלָיָה,כליה
שם,שם
ח,ח
וַיֵּרָא,וירא
יַד,יד
תַּחַת,תחת
כַּנְפֵיהֶם,כנפיהם
וְהַיְּנוּ,והיינו
חֲסָדִים,חסדים
וְאַף,ואף
נִצּוֹלוּ,נצולו
לָהֶם,להם
וְהַטַּעַם,והטעם
בְּמַה,במה
שֶׁיִּשְׂרָאֵל,שישראל
וְאוֹתוֹ,ואותו
צַד,צד
מַזְכִּיר,מזכיר
שֶׁאֵינָם,שאינם
כְּשֵׁרִים,כשרים
בְּצַד,בצד
אַחֵר,אחר
רָאָה,ראה
רַע,רע
וּמַכְעִיסוֹ,ומכעיסו
שֶׁמֵּטִיב,שמטיב
לַאֲחֵרִים,לאחרים
שֶׁמִּתְנַהֵג,שמתנהג
כַּשּׁוּרָה,כשורה
יַסְפִּיק,יספיק
לְבַטֵּל,לבטל
מֵעָלָיו,מעליו
וְיֵרָצֶה,וירצה
לִבּוֹ,לבו
וְיַחְפֹּץ,ויחפוץ
וְיֹאמַר,ויאמר
דַּי,די
בְּטוֹבָה,בטובה
בְּאִשְׁתּוֹ,באשתו
כִּדְפֵרְשׁוּ,כדפירשו
יְבָמוֹת,יבמות
א,א
דַּיֵּנוּ,דיינו
שֶׁמְּגַּדְלוֹת,שמגדלות
בָּנֵינוּ,בנינו
וּמַצִּילוֹת,ומצילות
אוֹתָנוּ,אותנו
דֵּי,די
פְּלוֹנִית,פלונית
הַז',הז'
כְּמִדַּת,כמדת
וָדָם,ודם
שֶׁאִם,שאם
הִכְעִיסוֹ,הכעיסו
כְּשֶׁהוּא,כשהוא
מִתְרַצֶּה,מתרצה
מְעַט,מעט
כְּאַהֲבָה,כאהבה
הַקּוֹדֶמֶת,הקודמת
אֲבָל,אבל
וְעָשָׂה,ועשה
תְּשׁוּבָה,תשובה
מַעֲלָתוֹ,מעלתו
יוֹתֵר,יותר
בְּרָכוֹת,ברכות
לד,לד
"""בְּמָקוֹם","""במקום"
שֶׁבַּעֲלֵי,שבעלי
עוֹמְדִים,עומדים
צַדִּיקִים,צדיקים
גְּמוּרִים,גמורים
יְכוֹלִין,יכולין
"לַעֲמוֹד""","לעמוד"""
בְּפֶרֶק,בפרק
הַבּוֹנֶה,הבונה
לְפָנֵינוּ,לפנינו
במְנָחוֹת,במנחות
כט,כט
בְּעִנְיַן,בענין
ה,ה
עֲשׂוּיָה,עשויה
כְּאַכְסַדְרָא,כאכסדרא
שֶׁכָּל,שכל
הָרוֹצֶה,הרוצה
לָצֵאת,לצאת
מֵעוֹלָמוֹ,מעולמו
יֵצֵא,יצא
נִבְרָא,נברא
בַּה',בה'
בָּרָא,ברא
פָּתוֹחַ,פתוח
לְצַד,לצד
הָרַע,הרע
וְהַחֵטְא,והחטא
לִרְוָחָה,לרוחה
חֹמֶר,חומר
וּפְגָם,ופגם
כְּמִין,כמין
אַכְסַדְרָא,אכסדרא
גְּדָרִים,גדרים
פִּרְצָה,פרצה
פְּרוּצָה,פרוצה
מַטָּה,מטה
פִתְחִין,פתחין
יִפְנֶה,יפנה
יִמְצָא,ימצא
חֵטְא,חטא
לִכָּנֵס,ליכנס
הַחִצוֹנִים,החיצונים
וְהִיא,והיא
פְתוּחָה,פתוחה
מִלְּמַעְלָה,מלמעלה
יָשֻׁב,ישוב
יְקַבְּלוּהוּ,יקבלוהו
וְהִקְשׁוּ,והקשו
וּלְהַדְּרוּהוּ,ולהדרוהו
בְּהַאי,בהאי
מִלְּתָא,מילתא
רָצוּ,רצו
שֶׁהַשָּׁב,שהשב
נִגְדָר,נגדר
בֶּעָוֹן,בעון
כְּגֶדֶר,כגדר
הַצַּדִּיקִים,הצדיקים
שֶׁהַצַּדִּיקִים,שהצדיקים
חָטְאוּ,חטאו
גָּדֵר,גדר
אֲלֵיהֶם,אליהם
אָמְנָם,אמנם
וָשָׁב,ושב
לְהַגְדִּיר,להגדיר
קָשִׁים,קשים
שֶׁאֹתוֹ,שאותו
הַגָּדֵר,הגדר
הַמְעַט,המעט
כְּבַר,כבר
נִפְרָץ,נפרץ
פַּעַם,פעם
יִתְקָרֵב,יתקרב
שָׁם,שם
בְּקַל,בקל
יְפַתֵּהוּ,יפתהו
יִצְרוֹ,יצרו
לְהִתְרַחֵק,להתרחק
הֶרְחֵק,הרחק
מְאֹד,מאד
וְלָזֶה,ולזה
יִכָּנֵס,יכנס
דֶּרֶךְ,דרך
פֶּתַח,פתח
הָאַכְסַדְרָה,האכסדרה
שֶׁהַפִּרְצָה,שהפרצה
יִתְעַלֶּה,יתעלה
וְיִכָּנֵס,ויכנס
צַר,צר
וְיַעֲשֶׂה,ויעשה
צָרוֹת,צרות
וְסִגּוּפִים,וסגופים
לְעַצְמוֹ,לעצמו
וְיִסְתֹּם,ויסתום
הַפְּרָצוֹת,הפרצות
בְּמָקוֹם,במקום
וְכוּ',וכו'
נִכְנְסוּ,נכנסו
כְּדֵי,כדי
שֶׁיִּהְיוּ,שיהיו
נִצְטַעֲרוּ,נצטערו
וְעָלוּ,ועלו
וְסִגְּפוּ,וסגפו
עַצְמָן,עצמן
וְנִבְדְּלוּ,ונבדלו
וְיוֹתֵר,ויותר
לְכָךְ,לכך
עָלָו,עלו
וְעָמְדוּ,ועמדו
בְּמַדְרֵגָה,במדרגה
ה',ה'
הֵיכָל,היכל
חֲמִישִׁי,חמישי
שֶׁבְּגַן,שבגן
עֵדֶן,עדן
גַּג,גג
"הַהֵ""א","הה""א"
וְצַדִּיקִים,וצדיקים
בְּפֶתַח,בפתח
בִּכְנִיסַת,בכניסת
הָאַכְסַדְרָא,האכסדרא
כַּאֲשֶׁר,כאשר
תָּשׁוּב,תשוב
מְקֹמָהּ,מקומה
וְיַחְזִיר,ויחזיר
שְׁכִינָתוֹ,שכינתו
שָׁב,שב
הָרִאשׁוֹנָה,הראשונה
בִּלְבַד,בלבד
שֶׁיּוֹסִיף,שיוסיף
וִיתַקְּנֵם,ויתקנם
וִיקָרְבֵם,ויקרבם
וְכָךְ,וכך
נוֹטֵר,נוטר
אֵיבָה,איבה
מֵהַכַּעַס,מהכעס
הַקּוֹדֵם,הקודם
כְּשֶׁיִּרְאֶה,כשיראה
שֶׁחֲבֵרוֹ,שחבירו
מְבַקֵּשׁ,מבקש
אַהֲבָתוֹ,אהבתו
בְּמַדְרֵגַת,במדרגת
וְאַהֲבָה,ואהבה
מִקֹּדֶם,מקודם
כְּבַעֲלֵי,כבעלי
שֶּׁאֵין,שאין
יְכוֹלִים,יכולים
לַעֲמֹד,לעמוד
אֶצְלָם,אצלם
וִיקָרְבֵהוּ,ויקרבהו
תַּכְלִית,תכלית
מִמַּה,ממה
שֶׁמְּקָרֵב,שמקרב
אֶצְלוֹ,אצלו
הַח',הח'
יִכְבֹּשׁ,יכבוש
עֲוֹנוֹתֵינוּ,עונותינו
בְּמִדָּה,במידה
סוֹד,סוד
כְּבִישַׁת,כבישת
כְפֹרַחַת,כפורחת
עָלָתָה,עלתה
נִצָּהּ,נצה
וּבוֹקֵעַ,ובוקע
וְעוֹלֶה,ועולה
לִכְנֹס,לכנוס
הָעֲוֹנוֹת,העונות
כְּנִיסָה,כניסה
כֹּבְשָׁם,כיבשם
יִכָּנְסוּ,יכנסו
תְּהִלִּים,תהלים
"""לֹא","""לא"
יְגֻרְךָ,יגורך
"רָע""","רע"""
יָגוּר,יגור
בִּמְגוּרְךָ,במגורך
רָע,רע
נִכְנָס,נכנס
פְּנִימָה,פנימה
"""שְׂכַר","""שכר"
עָלְמָא,עלמא
"לֵיכָּא""","ליכא"""
קִדּוּשִׁין,קדושין
לט,לט
יִתְבָּרַךְ,יתברך
וְהַאֵיךְ,והאיך
יִתֵּן,יתן
שֶׁלְּפָנָיו,שלפניו
רוּחָנִי,רוחני
גַּשְׁמִי,גשמי
כְּדַאי,כדאי
לְמִצְוָה,למצוה
וּלְקוֹרַת,ולקורת
רוּחַ,רוח
יִקַּח,יקח
שֹׁחַד,שוחד
מִצְוֹת,מצוות
הַמָּשָׁל,המשל
אוֹמֵר,אומר
עָשָׂה,עשה
אַרְבָּעִים,ארבעים
וְעֶשֶׂר,ועשר
עֲבֵרוֹת,עבירות
נִשְׁאֲרוּ,נשארו
שְׁלֹשִׁים,שלשים
וְיֵלְכוּ,וילכו
עֶשֶׂר,עשר
בְּעֶשֶׂר,בעשר
צַדִּיק,צַדִּיק
גָּמוּר,גמור
שָׂרַף,שרף
הַתּוֹרָה,התורה
שֶׁיְּרַצֶּה,שירצה
חֹבוֹ,חובו
יְקַבֵּל,יקבל
מִצְוֹתָיו,מצוותיו
וְזֶה,וזה
שֶׁעוֹשֶׂה,שעושה
מְנַכֶּה,מנכה
שֶׁהַמִּצְוֹת,שהמצות
חֲשׁוּבוֹת,חשובות
וּמִתְעַלּוֹת,ומתעלות
יְנַכֶּה,ינכה
מֵהֶן,מהן
הָעֲבֵרוֹת,העבירות
הָעֲבֵרָה,העבירה
מֵחֵלֶק,מחלק
הַגֵּיהִנֹּם,הגיהנם
מֵהַנִּבְזֶה,מהנבזה
וְהַמִּצְוֹת,והמצות
שְׂכָרָן,שכרן
מֵהַנִּכְבָּד,מהנכבד
זִיו,זיו
שְׁכִינָה,שכינה
הַאֵיךְ,האיך
גּוֹבֶה,גובה
חוֹב,חוב
וּמַשְׂכִּיר,ומשכיר
מִתְגַּבְּרִים,מתגברים
כְּמִצְוֹת,כמצות
כּוֹבֵשׁ,כובש
יִתְעַלּוּ,יתעלו
מַשְׁגִּיחַ,משגיח
דַּרְכֵי,דרכי
אִישׁ,איש
וְהָרָע,והרע
כּוֹבְשׁוֹ,כובשו
פּוֹרֵחַ,פורח
לִמְאֹד,למאד
וְנִכְלָל,ונכלל
בְּמִצְוָה,במצוה
וְנִבְנֶה,ונבנה
בִּנְיָן,בנין
וּלְבוּשׁ,ולבוש
נִכְבָּד,נכבד
וַעֲוֹנוֹת,ועונות
סְגֻלָּה,סגולה
יַצְלִיחוּ,יצליחו
הַצְלָחָה,הצלחה
וְיִזְכֹּר,ויזכור
שֶׁגְמָלָהוּ,שגמלהו
אַדְּרַבָּה,אדרבה
הֵרַע,הרע
וְיִשְׁכָּחֵהוּ,וישכחהו
וְיַזְנִיחֵהוּ,ויזניחהו
בִּמְגוּרוֹ,במגורו
וְתִהְיֶה,ותהיה
הַטּוֹבָה,הטובה
סְדוּרָה,סדורה
תָּמִיד,תמיד
וְיַגְבִּיר,ויגביר
הַמַּעֲשִׂים,המעשים
בְּלִבּוֹ,בלבו
וְיִשְׁכַּח,וישכח
בְּרָעָה,ברעה
יִתְרַצֶּה,יתרצה
רִצּוּי,רצוי
שֶׁיּוּכַל,שיוכל
וְהַטּוֹבָה,והטובה
יַזְנִיחָהּ,יזניחה
מִבֵּין,מבין
עֵינָיו,עיניו
וְיַעֲלִים,ויעלים
עֵינוֹ,עינו
הָרָעָה,הרעה
עֲוֹנוֹת,עונות
כִּדְפֵרַשְׁתִּי,כדפירשתי
הט',הט'
וְתַשְׁלִיךְ,ותשליך
בִּמְצֻלוֹת,במצולות
יָם,ים
מְסָרָם,מסרם
בְּיַד,ביד
פַּרְעֹה,פרעה
וְשָׁבוּ,ושבו
יַעֲנִישׁ,יעניש
סַנְחֵרִיב,סנחריב
הָמָן,המן
וְדוֹמֵיהֶם,ודומיהם
מִתְנַחֵם,מתנחם
עוֹד,עוד
יִסְתַּלֵּק,יסתלק
מֵעֲלֵיהֶם,מעליהם
פַרְעֹה,פרעה
עֲמַל,עמל
רֹאשׁוֹ,ראשו
לְהַנְהָגָה,להנהגה
כב,כב
"""וְנָשָׂא","""ונשא"
הַשָּׂעִיר,השעיר
עֲוֹנֹתָם,עונותם
אֶרֶץ,ארץ
"גְּזֵרָה""","גזרה"""
וּפֵרוּשׁוֹ,ופירושו
שֶׁהַשָּׂעִיר,שהשעיר
קָשֶׁה,קשה
וְהַשָּׂעִיר,והשעיר
הַמִּדָּה,המידה
מִתְוַדֶּה,מתודה
וְכַוָּנָתוֹ,וכוונתו
בַּוִּדּוּי,בוידוי
טָהֳרָה,טהרה
כְּעִנְיָן,כענין
דָּוִד,דוד
נא,נא
"""הֶרֶב","""הרב"
כַּבְּסֵנִי,כבסני
"מֵעֲוֹנִי""","מעוני"""
אֲמָרֵנוּ,אמרינו
בְּרַחֲמֶיךָ,ברחמיך
"הָרַבִּים""","הרבים"""
מִתְפַּלֵּל,מתפלל
יִסּוּרִים,יסורים
קַלִּים,קלים
בָּהֶם,בהם
בִּטּוּל,בטול
שֶׁאוֹמְרִים,שאומרים
"""אֲבָל","""אבל"
"רָעִים""","רעים"""
מְכַוֵּן,מכוין
בִּהְיוֹתוֹ,בהיותו
"""וְאַתָּה","""ואתה"
הַבָּא,הבא
"עָלַי""","עלי"""
בְּסֵבֶר,בסבר
פָּנִים,פנים
יָפוֹת,יפות
לְהִתְכַּפֵּר,להתכפר
שֶׁיִּסּוּרִים,שייסורים
מְמָרְקִים,ממרקים
מִיתָה,מיתה
מְמָרֶקֶת,ממרקת
שֶׁזֶּה,שזה
בִּתְפִלָּתוֹ,בתפלתו
בַּזֹּהַר,בזוהר
בְּפָרָשַׁת,בפרשת
פְּקוּדֵי,פקודי
דַּף,דף
רסב,רסב
"סמא""ל","סמא""ל"
מַהוּ,מהו
חֶלְקוֹ,חלקו
גּוֹזֵר,גוזר
וּמִיַּד,ומיד
מִזְדַּמֵּן,מזדמן
וְהוֹלֵךְ,והולך
וְגוֹבֶה,וגובה
לִגְבּוֹת,לגבות
וְיִשְׂרָאֵל,וישראל
מִתְטַהֲרִים,מתטהרים
יִתְגַּלְגֵּל,יתגלגל
גָּזַר,גזר
עוֹלָמוֹ,עולמו
שֶׁיַּעֲשֶׂה,שיעשה
יִתְבַּטֵּל,יתבטל
טַעַם,טעם
"""וְאֶת","""ואת"
הַבְּהֵמָה,הבהמה
"תַּהֲרֹגוּ""","תהרוגו"""
ויקרא,ויקרא
כ,כ
טו,טו
הָאֶבֶן,האבן
מִצְוַת,מצות
הַנִּסְקָלִין,הנסקלין
וְהַסַּיִף,והסייף
הַנֶּהֱרָגִין,הנהרגין
טְעוּנִין,טעונין
קְבוּרָה,קבורה
סַנְהֶדְרִין,סנהדרין
מה,מה
מְצִיאוּתָם,מציאותם
וְכֹחָם,וכחם
אַחַר,אחר
שֶׁיִּגְמֹר,שיגמור
דִּינָם,דינם
בָזֶה,בזה
נְבוּכַדְנֶאצַּר,נבוכדנאצר
נִמְסְרוּ,נמסרו
בָּבֶל,בבל
דִּי,די
נִכְנַע,נכנע
רֵישָׁא,רישא
וְנִמְסְרוּ,ונמסרו
פָּרַס,פרס
וּדְרָעוֹהִי,ודרועוהי
שֶׁיָּרְדוּ,שירדו
מִנְּהֵון,מנהון
פַרְזֶל,פרזל
וּמִנְּהֵון,ומנהון
בַּסּוֹף,בסוף
מַעֲמִידָם,מעמידם
וְעוֹשֶׂה,ועושה
לב,לב
כג,כג
"""חִצַּי","""חצי"
אֲכַלֶּה,אכלה
"בָם""","בם"""
חִצַּי,חצי
כָּלִים,כלים
אֵינָם,אינם
דָּקוּ,דקו
דַהֲבָא,דהבא
וּנְחָשָׁא,ונחשא
בַּהַתְחָלָה,בהתחלה
לְצַלְמָא,לצלמא
"רַגְלוֹהִי""","רגלוהי"""
מִכָּל,מכל
רַגְלָיו,רגליו
שֶׁכְּבָר,שכבר
נִתְבַּטֵּל,נתבטל
כֹּחָם,כחם
וְעָבְרוּ,ועברו
רֹאשׁ,ראש
וּמְעוֹהִי,ומעוהי
כַּחֲדָא,כחדא
עָתִיד,עתיד
לְהַעֲמִיד,להעמיד
וְהָרְשָׁעִים,והרשעים
עוֹשֵׂי,עושי
מַעֲשָׂיו,מעשיו
וּפְעֻלּוֹתָיו,ופעולותיו
וַיַּעֲשֶׂה,ויעשה
בָהֶם,בהם
"""וְתַשְׁלִיךְ","""ותשליך"
יֵרָצֶה,ירצה
הִשְׁלִיךְ,השליך
לְהַפִּיל,להפיל
מְצוּלוֹת,מצולות
"""וְהָרְשָׁעִים","""והרשעים"
כַּיָּם,כים
נִגְרָשׁ,נגרש
הַשְׁקֵט,השקט
יוּכָל,יוכלו
וַיְגָרְשׁוּ,ויגרשו
מֵימָיו,מימיו
רֶפֶשׁ,רפש
"וָטִיט""","וטיט"""
נז,נז
בְּיִשְׂרָאֵל,בישראל
גְּמוּלָם,גמולם
בְּרֹאשָׁם,בראשם
שֶׁאַחַר,שאחר
קִבְּלוּ,קבלו
שֶׁקָּדַם,שקדם
וְתוֹבֵעַ,ותובע
עֶלְבּוֹנָם,עלבונם
"""אֲנִי","""אני"
קָצַפְתִּי,קצפתי
מְעָט,מעט
וְהֵמָּה,והמה
עָזְרוּ,עזרו
"לְרָעָה""","לרעה"""
זכריה,זכריה
גַּם,גם
רָשָׁע,רשע
מְדֻכָּא,מדוכא
בְּיִסּוּרִין,ביסורין
אַל,אל
יִשְׂנָאֵהוּ,ישנאהו
שֶׁנִּקְלָה,שנקלה
כְּאָחִיךָ,כאחיך
מַכּוֹת,מכות
וִיקָרֵב,ויקרב
הַמְּרוּדִים,המרודים
וְהַנֶּעֱנָשִׁים,והנענשים
וִירַחֵם,וירחם
וְאַדְרַבָּה,ואדרבה
יַצִּילֵם,יצילם
אוֹיֵב,אויב
וְאַל,ואל
גָּרַם,גרם
יְרַחֲמֵהוּ,ירחמהו
הַי',הי'
לְיַעֲקֹב,ליעקב
מַעֲלָה,מעלה
יוֹדְעִים,יודעים
לִפְנִים,לפנים
מִשּׁוּרַת,משורת
נִקְרָאִים,נקראים
יַעֲקֹב,יעקב
מִתְנַהֲגִים,מתנהגים
הַנְהָגוֹת,הנהגות
אֲמִתִּיּוֹת,אמתיות
מְצִיאוּת,מציאות
הַמִּשְׁפָּט,המשפט
הַיֹּשֶׁר,היושר
וְאֵלּוּ,ואלו
הַמִּתְנַהֲגִים,המתנהגים
בְּיֹשֶׁר,ביושר
בֶּאֱמֶת,באמת
מֵרֶחֶם,מרחם
וְהַמִּשְׁפָּט,והמשפט
כֵּן,כן
וְהָאֱמֶת,והאמת
לְהַטּוֹת,להטות
מִשְׁפַּט,משפט
לְרַחֵם,לרחם
הַבְּרִיּוֹת,הבריות
בְּמִדַּת,במידת
לְתַקֵּן,לתקן
"הַי""א","הי""א"
לְאַבְרָהָם,לאברהם
כְּאַבְרָהָם,כאברהם
אָבִינוּ,אבינו
מַעֲמִיד,מעמיד
תּוֹקְפוֹ,תוקפו
נִכְנַס,נכנס
אַבְרָהָם,אברהם
בְּהִתְנַהֲגוּת,בהתנהגות
שֶׁעִם,שעם
בְּצֶדֶק,בצדק
וּבְיֹשֶׁר,וביושר
וּבְמִשְׁפָּט,ובמשפט
הַטּוֹבִים,הטובים
וְהַחֲסִידִים,והחסידים
תִּהְיֶה,תהיה
הַנְהָגָתוֹ,הנהגתו
לְפָנִים,לפנים
לִשְׁאָר,לשאר
קְצָת,קצת
לְאֵלּוּ,לאלו
שְׁאָר,שאר
וְצָרִיךְ,וצריך
חֲשׁוּבִים,חשובים
וַחֲבִיבִים,וחביבים
יִהְיוּ,יהיו
מֵאַנְשֵׁי,מאנשי
חֶבְרָתוֹ,חברתו
"הי""ב","הי""ב"
נִשְׁבַּעְתָּ,נשבעת
לַאֲבֹתֵינוּ,לאבותינו
בְּנֵי,בני
הֲגוּנִים,הגונים
בַּגְּמָרָא,בגמרא
"""וְחַנֹּתִי","""וחנותי"
"אָחֹן""","אחון"""
שמות,שמות
לג,לג
אָמַר,אמר
אוֹצָר,אוצר
לְאוֹתָם,לאותם
אוֹצַר,אוצר
חִנּוּנִים,חנונים
חוֹנֵן,חונן
וְנוֹתֵן,ונותן
מַתְּנַת,מתנת
חִנָּם,חנם
זְכוּת,זכות
אָבוֹת,אבות
נִשְׁבַּעְתִּי,נשבעתי
לָאָבוֹת,לאבות
יִזְכּוּ,יזכו
מִזֶּרַע,מזרע
הָאָבוֹת,האבות
שֶׁנִּשְׁבַּעְתִּי,שנשבעתי
אַנְהִילֵם,אנהילם
וְאַנְהִיגֵם,ואנהיגם
שֶׁיְּתֻקְּנוּ,שיתוקנו
יִפְגַּע,יפגע
בָּרְשָׁעִים,ברשעים
יִתְאַכְזֵר,יתאכזר
כְּנֶגְדָּם,כנגדם
יְחָרְפֵם,יחרפם
יְרַחֵם,ירחם
יִצְחָק,יצחק
וְיַעֲקֹב,ויעקב
אֲבוֹתֵיהֶם,אבותיהם
וַהֲגוּנִים,והגונים
וְהַמְּבַזֶּה,והמבזה
הַבָּנִים,הבנים
מְבַזֶּה,מבזה
שֶׁיִּתְבַּזּוּ,שיתבזו
יָדִי,ידי
וּמְכַסֶּה,ומכסה
וּמְתַקְּנָם,ומתקנם
כֹחוֹ,כוחו
"הַי""ג","הי""ג"
מִימֵי,מימי
קֶדֶם,קדם
כְּשֶׁתַּמָּה,כשתמה
מִצַּד,מצד
עַצְמָם,עצמם
יִרְמִיָה,ירמיה
"""זָכַרְתִּי","""זכרתי"
לָךְ,לך
נְעוּרַיִךְ,נעוריך
אַהֲבַת,אהבת
"כְּלוּלֹתָיִךְ""","כלולותיך"""
זוֹכֵר,זוכר
יְמֵי,ימי
קַדְמוֹנִים,קדמונים
אַהֲבָה,אהבה
יַזְכִּיר,יזכיר
שֶׁעָשׂוּ,שעשו
מִיּוֹם,מיום
שֶׁנּוֹלְדוּ,שנולדו
טוֹבוֹת,טובות
מַנְהִיג,מנהיג
וּמִכֻּלָּם,ומכולם
בִּשְׁבִילָם,בשבילם
כּוֹלֶלֶת,כוללת
הַמִּדּוֹת,המידות
בָּאִדְרָא,באדרא
זֹהַר,זהר
נָשֹׂא,נשא
קלד,קלד
מֵאֵלּוּ,מאלו
הַנִּזְכָּרוֹת,הנזכרות
שָׁעָה,שעה
קֹדֶם,קודם
אֹתָהּ,אותה
בְּיָמִים,בימים
בְּקַטְנוּתָם,בקטנותם
גְּמוּלֵי,גמולי
מֵחָלָב,מחלב
עַתִּיקֵי,עתיקי
מִשָּׁדָיִם,משדים
יִמָּצֵא,ימצא
לְהֵטִיבוֹ,להטיבו
וּלְהִתְפַּלֵּל,ולהתפלל
שְׁלוֹמוֹ,שלומו
כַּאן,כאן
הִגִּיעַ,הגיע
קוֹנוֹ,קונו
וּסְגֻלָּתָן,וסגולתן
לְמַטָּה,למטה
יִּזְכֶּה,יזכה
לִפְתֹּחַ,לפתוח
עֶלְיוֹנָה,עליונה
מִלְמַעְלָה,מלמעלה
שֶּׁיִּתְנַהֵג,שיתנהג
וְגוֹרֵם,וגורם
שֶׁאוֹתָהּ,שאותה
תָּאִיר,תאיר
יָלֻזוּ,ילוזו
מֵעֵינֵי,מעיני
הַשֵּׂכֶל,השכל
וְהַפָּסוּק,והפסוק
יָסוּף,יסוף
מִפִּיו,מפיו
לְמַזְכֶּרֶת,למזכרת
יָבֹא,יבוא
מַעֲשֵׂה,מעשה
שֶׁיִּצְטָרֵךְ,שיצטרך
לְהִשְׁתַּמֵּשׁ,להשתמש
יִזְכֹּר,יזכור
תָּלוּי,תלוי
לָזוּז,לזוז
מִמֶּנָּה,ממנה
תִתְעַלֵּם,תתעלם
וְתִסְתַּלֵּק,ותסתלק
הַהִיא,ההיא
פֶּרֶק,פרק
גּוּפֵי,גופי
הַכּוֹלֶלֶת,הכוללת
הָעֲנָוָה,הענוה
שֶׁהִיא,שהיא
תְּלוּיָה,תלויה
בַּכֶּתֶר,בכתר
וְאֵינָהּ,ואינה
מִתְעַלִּית,מתעלית
וּמִתְגָּאָה,ומתגאה
לְמַעְלָה,למעלה
יוֹרֶדֶת,יורדת
וּמִסְתַּכֶּלֶת,ומסתכלת
תָּדִיר,תדיר
מִשְּׁנֵי,משני
טְעָמִים,טעמים
הָאֶחָד,האחד
בּוֹשׁ,בוש
לְהִסְתַּכֵּל,להסתכל
בְּסִבָּתוֹ,בסיבתו
מַאֲצִילוֹ,מאצילו
מַבִּיט,מביט
בַּתַּחְתּוֹנִים,בתחתונים
שֶׁיֵּבוֹשׁ,שיבוש
מִלְּהִסְתַּכֵּל,מלהסתכל
מַעְלָה,מעלה
לְהִתְגָּאוֹת,להתגאות
יִסְתַּכֵּל,יסתכל
לְהַפְחִית,להפחית
בָּרֹאשׁ,בראש
מִתְגָּאֶה,מתגאה
בַּהֲרָמַת,בהרמת
כְּלַפֵּי,כלפי
וְהֶעָנִי,והעני
מַשְׁפִּיל,משפיל
וְעָנָו,ועניו
כֵּאלֹהֵינוּ,כאלהינו
הָרַחֲמִים,הרחמים
שׁוּם,שום
פְּגַם,פגם
מוֹנַעַת,מונעת
מִלְּהַשְׁגִּיחַ,מלהשגיח
וּלְהַשְׁפִּיעַ,ולהשפיע
וּלְהֵיטִיב,ולהיטיב
שֶׁשּׁוּם,ששום
סִבָּה,סיבה
שֶׁבָּעוֹלָם,שבעולם
תִּמְנָעֵהוּ,תמנעהו
מִלְּהֵטִיב,מלהיטיב
וְשׁוּם,ושום
בִּלְתִּי,בלתי
הָגוּן,הגון
שֶׁיְּעַכְּבֵהוּ,שיעכבהו
מִלְּהֵיטִיב,מלהיטיב
הַצְּרִיכִים,הצריכים
עֵת,עת
וּבְכָל,ובכל
יֹשֵׁב,יושב
וְזָן,וזן
מִקַּרְנֵי,מקרני
רְאֵמִים,ראמים
וְעַד,ועד
בֵּיצֵי,ביצי
כִנִּים,כנים
וְאֵינוֹ,ואינו
יְבַזֶּה,יבזה
הַבְּרוּאִים,הברואים
פְחִיתוּתָם,פחיתותם
יִתְקַיְּמוּ,יתקיימו
בָעוֹלָם,בעולם
רַחֲמָיו,רחמיו
מֵטִיב,מטיב
לַכֹּל,לכל
יִתְבַּזֶּה,יתבזה
קֹלָהּ,קלה
שֶׁבַּקַּלִּים,שבקלים
חֲשׁוּבָה,חשובה
בְעֵינָיו,בעיניו
וְיִתֵּן,ויתן
דַּעְתּוֹ,דעתו
עָלֶיהָ,עליה
וְיֵיטִיב,וייטיב
לְכָל,לכל
הַמִּצְטָרֵךְ,המצטרך
הָרֹאשׁ,הראש
הַשְּׁנִיָּה,השניה
מַחְשַׁבְתּוֹ,מחשבתו
תִדְמֶה,תדמה
לְמַחְשֶׁבֶת,למחשבת
הַחָכְמָה,החכמה
תִּפְסֹק,תפסוק
לַחְשֹׁב,לחשוב
מַחֲשָׁבוֹת,מחשבות
וְהָרַע,והרע
קֹשִׁי,קושי
פְּנוּיָה,פנויה
מְכֹעָר,מכוער
חָכְמָה,חכמה
קְדוּמָה,קדומה
יֶחְסַר,יחסר
פְּנִיָּה,פניה
חוּץ,חוץ
מִמַּחְשֶׁבֶת,ממחשבת
וְלַחְשֹׁב,ולחשוב
בְּגַדְלוּת,בגדלות
הָאֵל,האל
הַטּוֹבוֹת,הטובות
כְּלָלוֹ,כללו
זָר,זר
וּבָטֵל,ובטל
בְּמַחֲשַׁבְתּוֹ,במחשבתו
הָיְתָה,היתה
מַעֲלַת,מעלת
רַבִּי,רבי
שִׁמְעוֹן,שמעון
וַחֲבֵרָיו,וחביריו
כְּשֶׁהִפְרִיד,כשהפריד
יוֹסֵי,יוסי
מַחֲשַׁבְתּוֹ,מחשבתו
הוֹכִיחוֹ,הוכיחו
בַּזֹהַר,בזוהר
וַיַּקְהֵל,ויקהל
הַשְּׁלִישִׁית,השלישית
מִצְחוֹ,מצחו
יִדְמֶה,ידמה
לְמֵצַח,למצח
הָרָצוֹן,הרצון
שֶׁיִּמְצָא,שימצא
כּוֹעֲסִים,כועסים
יְרַצֵּם,יְרַצֵּם
וְיַשְׁקִיטֵם,וישקיטם
בִּרְצוֹנוֹ,ברצונו
שֶׁכֵּן,שכן
מֵצַח,מצח
וּמְרַצֶּה,ומרצה
הַגְּבוּרוֹת,הגבורות
יְרַצֶּה,יְרַצֶּה
הַגִּבּוֹרִים,הגבורים
הַמִּתְגַּבְּרִים,המתגברים
כַּעֲסָם,כעסם
יְנַהֲלֵם,ינהלם
בְּרָצוֹן,ברצון
טוֹב,טוב
וִישַׁתֵּף,וישתף
לְהַשְׁבִּית,להשבית
הַכַּעַס,הכעס
יַעֲבֹר,יעבור
הַגְּבוּל,הגבול
וִיקַלְקֵל,ויקלקל
וְיֵעָשֶׂה,ויעשה
דֻּגְמָא,דוגמא
לָרָצוֹן,לרצון
נִמְשָׁךְ,נמשך
הַנִּפְלָאָה,הנפלאה
בְּמִצְחָא,במצחא
דְעַתִּיקָא,דעתיקא
וּמִשָּׁם,ומשם
מְרַצֶּה,מְרַצֶּה
יִמָּשֵׁךְ,ימשך
נֹחַ,נוח
לַבְּרִיּוֹת,לבריות
מִדּוֹתָיו,מידותיו
קָשׁוֹת,קשות
יִתְרַצּוּ,יתרצו
הַמִּשְׁנָה,המשנה
שֶׁרוּחַ,שרוח
נוֹחָה,נוחה
הֵימֶנּוּ,הימנו
הַמָּקוֹם,הַמָּקוֹם
הָרְבִיעִית,הרביעית
אָזְנָיו,אזניו
נוֹטוֹת,נוטות
לִשְׁמֹעַ,לשמוע
שֵׁמַע,שמע
שָׁוְא,שוא
הַמְּגֻנֶּה,המגונה
שֶׁסּוֹד,שסוד
הַאֲזָנָה,האזנה
צַעֲקַת,צעקת
הָרָע,הרע
יַאֲזִין,יאזין
וְהַדְּבָרִים,והדברים
הַמּוֹעִילִים,המועילים
וּשְׁאָר,ושאר
הַמַּגְבִּירִים,המגבירים
כַּעַס,כעס
שֶׁהַנָּחָשׁ,שהנחש
וְדִבּוּרוֹ,ודבורו
וּלְשׁוֹנוֹ,ולשונו
אֵלָיו,אליו
מְגֻנֶּה,מגונה
תִשָּׂא,תשא
"שָׁוְא""","שוא"""
שְׁמוֹת,שמות
לְאָזְנוֹ,לאזנו
תִהְיֶה,תהיה
קַשֶּׁבֶת,קשבת
הַדְּבָרִים,הדברים
הַחֲמִישִׁית,החמישית
בָּהֶן,בהן
בְּשׁוּם,בשום
תִּהְיֶינָה,תהיינה
תָמִיד,תמיד
פְקֻחוֹת,פקוחות
לְהַשְׁגִּיחַ,להשגיח
וּלְרַחֵם,ולרחם
הָאֻמְלָלִים,האומללים
וּכְשֶׁיִּרְאֶה,וכשיראה
בְּצָרַת,בצרת
עָנִי,עני
יַעֲצִים,יעצים
יִתְבּוֹנֵן,יתבונן
בְּדַעְתּוֹ,בדעתו
וִיעוֹרֵר,ויעורר
בִּפְנֵי,בפני
שָׁמַיִם,שמים
וּבִפְנֵי,ובפני
וְיִתְרַחֵק,ויתרחק
הַשְׁגָּחָה,השגחה
שֶׁהָעַיִן,שהעין
פְּקוּחָה,פקוחה
הַשִּׁשִּׁית,השישית
בְּחֹטְמוֹ,בחוטמו
מֵעוֹלָם,מעולם
חֲרוֹן,חרון
בְּאַפּוֹ,באפו
חַיִּים,חיים
וְרָצוֹן,ורצון
וַאֲרִיכוּת,ואריכות
וְתָמִיד,ותמיד
לְמַלְּאוֹת,למלאות
רָצוֹן,רצון
וּלְהָפִיק,ולהפיק
שְׁאֵלָה,שאלה
וּלְהַחֲיוֹת,ולהחיות
נִדְכֶּה,נדכה
וּמוֹצִיא,ומוציא
מֵחֹטְמוֹ,מחוטמו
מְחִילַת,מחילת
וְהַעֲצָרַת,והעצרת
וְהַעֲבָרַת,והעברת
פָּשַׁע,פשע
כּוֹעֵס,כועס
בַּחֹטֵא,בחוטא
וְחָפֵץ,וחפץ
לַעֲשׂוֹת,לעשות
נַחַת,נחת
הַשְּׁבִיעִית,השביעית
פָּנָיו,פניו
מְאִירוֹת,מאירות
וִיקַבֵּל,ויקבל
בְּכֶתֶר,בכתר
נֶאֱמַר,נאמר
מִשְׁלֵי,משלי
"""בְּאוֹר","""בְּאוֹר"
פְּנֵי,פְּנֵי
"חַיִּים""","חַיִּים"""
אֹדֶם,אודם
וְדִין,ודין
אוֹר,אור
יְשֻׁנֶּה,ישונה
הַמִּסְתַּכֵּל,המסתכל
שִׂמְחָה,שמחה
וְסֵבֶר,וסבר
תַטְרִידֵהוּ,תטרידהו
מִזֶּה,מזה
הַשְּׁמִינִית,השמינית
פִּיו,פיו
יוֹצִיא,יוציא
וְגִזְרַת,וגיזרת
אֲמָרָיו,אמריו
וַהֲפָקַת,והפקת
קְלָלָה,קללה
רֹגֶז,רוגז
בְּטֵלִים,בטלים
וְיִהְיֶה,ויהיה
לְאוֹתוֹ,לאותו
הַפֶּה,הפה
נִסְתָּם,נסתם
יִמְנַע,ימנע
וְלָכֵן,ולכן
יֶחֱשֶׁה,יחשה
מִלְּדַבֵּר,מלדבר
וּלְהוֹצִיא,ולהוציא
וּבְרָכָה,וברכה
אֵלֶּה,אלה
שְׁמֹנֶה,שמונה
וְכֻלָּן,וכולן
דֶּגֶל,דגל
שֶׁכֻּלָּן,שכלן
בָּאֵבָרִים,באברים
הָעֶלְיוֹנִים,העליונים
וּבָעֵת,ובעת
לְהִתְקָרֵב,להתקרב
לְהִדָּמוֹת,להדמות
מְקוֹרוֹתָיו,מקורותיו
הַתַּחְתּוֹנִים,התחתונים
שֶׁיִּשְׁתַּלֵּם,שישתלם
בִּשְׁנֵי,בשני
פְרָקִים,פרקים
מָתַי,מתי
בְּמִדּוֹת,במדות
יָדַעְנוּ,ידענו
שֶׁאִי,שאי
אֶפְשָׁר,אפשר
אֲחֵרוֹת,אחרות
לְהִשְׁתַּלֵּם,להשתלם
וְהֵן,והן
מֵהַגְּבוּרוֹת,מהגבורות
הַתַּחְתּוֹנוֹת,התחתונות
נְבָאֵר,נבאר
יָמִים,ימים
יְדוּעִים,ידועים
פּוֹעֲלוֹת,פועלות
צְרִיכִים,צריכים
אֲלֵיהֶן,אליהן
שֶׁהַכֶּתֶר,שהכתר
שׁוֹלֵט,שולט
שָׁעוֹת,שעות
מִתְבַּקֵּשׁ,מתבקש
אָז,אז
שֶׁיִּשְׁתַּמֵּשׁ,שישתמש
שֶּׁזָּכַרְנוּ,שזכרנו
צֹרֶךְ,צורך
עֲבוֹדָה,עבודה
בִּשְׁעָתָן,בשעתן
עַתָּה,עתה
שֶׁאוֹר,שאור
מְבַטְּלָן,מבטלן
יִשְׁתַּמֵּשׁ,ישתמש
בְּאוֹתָן,באותן
הַקָּשׁוֹת,הקשות
כְּגוֹן,כגון
שַׁבָּת,שבת
שֶׁהָעוֹלָם,שהעולם
עֹנֶג,עונג
דָּנִין,דנין
בְּשַׁבָּת,בשבת
כֻּלָּן,כולן
הַמְּקוֹרוֹת,המקורות
יְכַוֵּן,יכוין
בְּכַוָּנָתוֹ,בכונתו
אוֹרוֹת,אורות
בִּתְפִלּוֹתָיו,בתפלותיו
יִפְעֹל,יפעול
בִּפְעֻלּוֹתָיו,בפעולותיו
בְּהֵפֶךְ,בהיפך
הֵיאַךְ,היאך
יִפְתַּח,יפתח
מְקוֹר,מקור
דוֹחֵהוּ,דוחהו
בְּמַעֲשָׂיו,במעשיו
הַסְּפִירוֹת,הספירות
הָעֶלְיוֹנוֹת,העליונות
מַגְבִּירוֹת,מגבירות
הַדִּינִים,הדינים
הַקְּדוֹשִׁים,הקדושים
וְהַכַּעַס,והכעס
הַקָּדוֹשׁ,הקדוש
יִשְׁרֶה,ישרה
יַגְבִּיר,יגביר
הַחִיצוֹנִי,החיצוני
לְשֵׁם,לשם
וְאוֹרוֹ,ואורו
בָּא,בא
לְעוֹרְרוֹ,לעוררו
אוֹמְרוֹת,אומרות
עַזּוּת,עזות
מִתְגַּלֶּה,מתגלה
בָּנוּ,בנו
דִינֵנוּ,דיננו
וְהַטָּהוֹר,והטהור
לְגַלּוֹתוֹ,לגלותו
מָלֵא,מלא
וּפְעֻלּוֹת,ופעולות
מְגֻנּוֹת,מגונות
חִצוֹנוֹת,חצונות
טוֹבִים,טובים
וּבַשַּׁבָּתוֹת,ובשבתות
וּבְיוֹם,וביום
הַכִּפּוּרִים,הכפורים
וּבִשְׁעַת,ובשעת
הַתְּפִלָּה,התפילה
וּשְׁעוֹת,ושעות
עֵסֶק,עסק
שֶׁאֵינָן,שאינן
גִּלּוּי,גלוי
לְכוֹנֵן,לכונן
דֵּעוֹתָיו,דעותיו
הָאֵלּוּ,האלו
כֻלָּן,כולן
הַנִּשְׁאָרוֹת,הנשארות
לַעֲבוֹדַת,לעבודת
לִשְׁלוֹט,לשלוט
בָּאָדָם,באדם
לְרָעָתוֹ,לרעתו
נָכוֹן,נכון
וּבָטוּחַ,ובטוח
שֶׁיִּפְתַּח,שיפתח
לְהַרְגִּיל,להרגיל
וְהָעִקָּרִית,והעיקרית
שֶׁיִּתְפֹּס,שיתפוס
מַפְתֵּחַ,מפתח
לְכֻלָּן,לכלן
בְּחִינָה,בחינה
רִאשׁוֹנָה,ראשונה
וְתַחְתֶּיהָ,ותחתיה
יֻכְלַל,יוכלל
עֶרֶךְ,ערך
יַחְשֹׁב,יחשוב
הָאַיִן,האין
וּכְמַאֲמַר,וכמאמר
הֶעָנָיו,העניו
"""וְנַחְנוּ","""וְנַחְנוּ"
מָה,מה
תַלִּינוּ,תַלִּינוּ
"עָלֵינוּ""","עָלֵינוּ"""
הַבְּרִיָּה,הבריה
הַשְּׁפֵלָה,השפלה
שֶׁבְּכָל,שבכל
הַנִּבְרָאִים,הנבראים
וּבָזוּי,ובזוי
וּמָאוּס,ומאוס
יִיגַע,ייגע
לְהַשִּׂיג,להשיג
נִגְרָרוֹת,נגררות
אַחֲרֶיהָ,אחריה
שֶׁנִּרְאֶה,שנראה
לְאַיִן,לאין
יָשִׂים,ישים
אַיִן,אין
וְיַחְשֹׁב,ויחשוב
הֶעְדֵּרוֹ,העדרו
הַמְּצִיאוּת,המציאות
לְנֹכַח,לנוכח
הַמְּבַזִּים,המבזים
הַנִּבְזֶה,הנבזה
הָאָשָׁם,האשם
סִבַּת,סיבת
קִנְיַן,קנין
עֵצוֹת,עצות
בַּעֲנָוָה,בענוה
וַאֲנִי,ואני
מָצָאתִי,מצאתי
תְּרוּפָה,תרופה
בִּדְבָרִים,בדברים
שֶׁיִּתְרַפֶּה,שיתרפה
מֵחֹלִי,מחולי
הַגַּאֲוָה,הגאוה
בְּשַׁעֲרֵי,בשערי
תַּחְבֹּשֶׁת,תחבושת
הַנַּעֲשָׂה,הנעשה
סַמִּים,סמים
הָאַחַת,האחת
שֶׁיַּרְגִּיל,שירגיל
בּוֹרֵחַ,בורח
מֵהַכָּבוֹד,מהכבוד
יִתְנַהֵג,יתנהג
שֶׁיְּכַבְּדוּהוּ,שיכבדוהו
יִתְלַמֵּד,יתלמד
וְיִתְרַצֶּה,ויתרצה
הַטֶּבַע,הטבע
בְּכָךְ,בכך
וּבְקֹשִׁי,ובקושי
יוּכַל,יוכל
לְהֵרָפֵא,להרפא
לִרְאוֹת,לראות
בְּבִזְיוֹנוֹ,בבזיונו
שֶׁבְּנֵי,שבני
גְרִיעוּתִי,גריעותי
מַכִּיר,מכיר
בְּעַצְמִי,בעצמי
שֶׁאֲנִי,שאני
נִבְזֶה,נבזה
בְּהֶעְדֵּר,בהעדר
הַיְדִיעָה,הידיעה
וְחֻלְשַׁת,וחולשת
הַיְּכֹלֶת,היכולת
וּבִזְיוֹן,ובזיון
הַמַּאֲכָל,המאכל
וְהַפֶּרֶשׁ,והפרש
הַיּוֹצֵא,היוצא
בְּעֵינָיו,בעיניו
נִמְאָס,נמאס
הַשְׁלִישִׁית,השלישית
שֶׁיַּחְשֹׁב,שיחשוב
עֲוֹנֹתָיו,עונותיו
וְיִרְצֶה,וירצה
בְּטָהֳרָה,בטהרה
וְתוֹכַחַת,ותוכחת
וְיִסּוּרִים,ויסורים
הַיִּסּוּרִין,היסורין
הַיּוֹתֵר,היותר
יַטְרִידוּנִי,יטרידוני
מֵעֲבוֹדַת,מעבודת
בְּכֻלָּם,בכולם
שֶׁיְּחָרְפוּהוּ,שיחרפוהו
וִיבַזֻּהוּ,ויבזוהו
וִיגַדְּפֻהוּ,ויגדפוהו
יִמְנְעוּ,ימנעו
כֹּחוֹ,כוחו
וְאֹנוֹ,ואונו
בָּחֳלָאִים,בחולאים
אֲכִילָתוֹ,אכילתו
וּמַלְבּוּשׁוֹ,ומלבושו
חַיָּיו,חייו
וְחַיֵּי,וחיי
בָנָיו,בניו
בְּמִיתָה,במיתה
יַחְפֹּץ,יחפוץ
לְהִתְעַנּוֹת,להתענות
לְהִסְתַּגֵּף,ולהסתגף
בְּשַׂקִּים,בשקים
וּבְמַלְקִיּוֹת,ובמלקיות
הַמַּחְלִשִׁים,המחלישים
כֹּחִי,כוחי
לוֹקֵחַ,לוקח
בְּיָדִי,בידי
אֶסְתַּגֵּף,אסתגף
בְּבִזְיוֹן,בבזיון
וְחֶרְפָּתָם,וחרפתם
יָסוּר,יסור
יֵחָלֵשׁ,יחלש
כְּשֶׁיָּבֹאוּ,כשיבאו
הָעֶלְבּוֹנוֹת,העלבונות
יִשְׂמַח,ישמח
מִשְּׁלֹשֶׁת,משלושת
לְלִבּוֹ,ללבו
וְיִתְלַמֵּד,ויתלמד
כָל,כל
יָמָיו,ימיו
נוֹסָפוֹת,נוספות
לְהִתְרַגֵּל,להתרגל
לַעֲנָוָה,לענוה
מַשְׁקֶה,משקה
הַמַּשְׁקֶה,המשקה
שֶׁיּוֹעִיל,שיועיל
הַנִּזְכָּר,הנזכר
לְעֵיל,לעיל
לְכַבֵּד,לכבד
שֶׁיַּכִּיר,שיכיר
הַבּוֹרֵא,הבורא
יָצַר,יצר
בְּחָכְמָה,בחכמה
חָכְמַת,חכמת
הַיּוֹצֵר,היוצר
וְיִרְאֶה,ויראה
בְעַצְמוֹ,בעצמו
נִכְבָּדִים,נכבדים
שֶׁנִּטְפַּל,שנטפל
יוֹצֵר,יוצר
הֶחָכָם,החכם
הַנַּעֲלֶה,הנעלה
בִּבְרִיאָתָם,בבריאתם
וְאִלּוּ,ואילו
אוֹתָם,אותם
נוֹגֵעַ,נוגע
בִּכְבוֹד,בכבוד
יוֹצְרָם,יוצרם
חָכָם,חכם
צוֹרֵף,צורף
כְּלִי,כלי
וְהָרְאָה,והראה
מַעֲשֵׂהוּ,מעשהו
וְהִתְחִיל,והתחיל
לְגַנּוֹתוֹ,לגנותו
וּלְבַזּוֹתוֹ,ולבזותו
יַגִּיעַ,יגיע
שֶׁמְּבַזִּין,שמבזין
חָכְמָתוֹ,חכמתו
בִּהְיוֹתָם,בהיותם
מְבַזִּים,מבזים
יֵרַע,ירע
יְבַזּוּ,יבזו
מִבְּרִיּוֹתָיו,מבריותיו
שֶׁכָּתוּב,שכתוב
קד,קד
כד,כד
"""מָה","""מָה"
רַבּוּ,רַבּוּ
מַעֲשֶׂיךָ,מַעֲשֶׂיךָ
"ה'""","ה'"""
"""גָּדְלוּ""","""גָּדְלוּ"""
"""רַבּוּ""","""רַבּוּ"""
"""רַב","""רַב"
"בֵּיתוֹ""","בֵּיתוֹ"""
אֶסְתֵּר,אסתר
"""כֻּלָּם","""כֻּלָּם"
"עָשִׂיתָ""","עָשִׂיתָ"""
וְאַחַר,ואחר
שֶׁנִּטְפְּלָה,שנטפלה
חָכְמָתְךָ,חכמתך
וְגָדְלוּ,וגדלו
לְהִתְבּוֹנֵן,להתבונן
מִתּוֹכָם,מתוכם
בִּזָּיוֹן,בזיון
הַשֵּׁנִי,השני
יַרְגִּיל,ירגיל
לְהַכְנִיס,להכניס
וַאֲפִילוּ,ואפילו
הָרְשָׁעִים,הרשעים
אֶחָיו,אחיו
וְיֹתֵר,ויותר
שֶׁיִּקְבַּע,שיקבע
יֶאֱהַב,יאהב
וְיִהְיוּ,ויהיו
שָׁבִים,שבים
וַיִּהְיוּ,ויהיו
גְּדוֹלִים,גדולים
וּרְצוּיִים,ורצויים
לַמָּקוֹם,למקום
אוֹהֵב,אוהב
נֶאֱמָן,נאמן
בַּמִּדְבָּר,במדבר
יא,יא
"""וּמִי","""וּמִי"
נְבִיאִים,נְבִיאִים
"וְגוֹ'""","וְגוֹ'"""
וִיכַסֶּה,ויכסה
מוּמָם,מומם
בְּנִגְעֵיהֶם,בנגעיהם
בַּמִּדּוֹת,במידות
אִלּוּ,אלו
הֶעָנִי,העני
הַמָּאוּס,המאוס
מָמוֹן,ממון
רַב,רב
הָיִיתִי,הייתי
שָׂמֵחַ,שמח
בְּחֶבְרָתוֹ,בחברתו
בְּחֶבְרַת,בחברת
יַלְבִּישׁוּהוּ,ילבישוהו
הַלְּבוּשִׁים,הלבושים
הַנָּאִים,הנאים
בֵּינוֹ,בינו
לְבֵינוֹ,לבינו
הֶבְדֵּל,הבדל
יֵעָדֵר,יעדר
כְּבֹדוֹ,כבודו
בְּעֵינַי,בעיני
בְּעֵינֵי,בעיני
חָשׁוּב,חשוב
מִמֶּנִּי,ממני
נָגוּעַ,נגוע
מְדֻכָּה,מדוכה
עֹנִי,עוני
וּמְנֻקֶּה,ומנוקה
מֵעָוֹן,מעון
וְלָמָּה,ולמה
אֶשְׂנָא,אשנא
לְבָבוֹ,לבבו
פֹּנֶה,פונה
וּמַרְגִּיל,ומרגיל
שֶׁזָּכַרְנוּ,שזכרנו
פְּרוּשָׂה,פרושה
הַנִּמְצָאִים,הנמצאים
הֱיוֹתָהּ,היותה
נֶעֱלֶמֶת,נעלמת
וְנִשְׂגָּבָה,ונשגבה
וְעָלֶיהָ,ועליה
שֶׁתִּהְיֶה,שתהיה
מְצוּיָה,מצויה
בַּכֹּל,בכל
מְלַמֵּד,מלמד
לְהוֹעִיל,להועיל
לִבְנֵי,לבני
וְאֶחָד,ואחד
לְהַשְׁפִּיעַ,להשפיע
מֵחָכְמָתוֹ,מחכמתו
יַשְׁפִּיעֵהוּ,ישפיעהו
שְׁנֵי,שני
פָנִים,פנים
לַחָכְמָה,לחכמה
הַפָּן,הפן
הַפּוֹנֶה,הפונה
הַפָּנִים,הפנים
מִסְתַּכְּלִים,מסתכלים
מְקַבְּלִים,מקבלים
הַתַּחְתּוֹן,התחתון
פּוֹנֶה,פונה
בַּסְּפִירוֹת,בספירות
מִתְפַּשֶּׁטֶת,מתפשטת
בְּחָכְמָתָהּ,בחכמתה
הָרִאשׁוֹן,הראשון
הִתְבּוֹדְדוּתוֹ,התבודדותו
בְּקוֹנוֹ,בקונו
לְהוֹסִיף,להוסיף
בְּחָכְמָתוֹ,בחכמתו
וּלְתַקְּנָהּ,ולתקנה
לְלַמֵּד,ללמד
מֵאוֹתָהּ,מאותה
הִשְׁפִּיעַ,השפיע
שֶׁהַחָכְמָה,שהחכמה
מַשְׁפַּעַת,משפעת
סְפִירָה,ספירה
וּסְפִירָה,וספירה
שִׁעוּרָהּ,שיעורה
וְצָרְכָּהּ,וצרכה
יַשְׁפִּיעַ,ישפיע
שִׂכְלוֹ,שכלו
שְׂאֵת,שאת
וְהַנֵאוֹת,והניאות
וְצָרְכּוֹ,וצרכו
וְיִשָּׁמֵר,וישמר
מִלָּתֵת,מלתת
מִשִּׁעוּר,משיעור
שֵׂכֶל,שכל
הַמֻּשְׁפָּע,המושפע
תִמָּשֵׁךְ,תמשך
תַּקָּלָה,תקלה
הַסְּפִירָה,הספירה
אֵינָהּ,אינה
מוֹסֶפֶת,מוספת
הַשִּׁעוּר,השיעור
הַמֻּגְבָּל,המוגבל
בִּמְקַבֵּל,במקבל
צָרְכֵי,צרכי
אֲחֵרִים,אחרים
לִהְיוֹתָהּ,להיותה
מַשְׁגַּחַת,משגחת
הַמַּחְשָׁבָה,המחשבה
הַחוֹשֶׁבֶת,החושבת
הַנִּמְצָאוֹת,הנמצאות
נה,נה
"""כִּי","""כִּי"
מַחְשְׁבוֹתַי,מַחְשְׁבוֹתַי
"מַחְשְׁבוֹתֵיכֶם""","מַחְשְׁבוֹתֵיכֶם"""
יד,יד
"""וְחָשַׁב","""וְחָשַׁב"
לְבִלְתִּי,לבלתי
יִדַּח,יִדַּח
"נִדָּח""","נִדָּח"""
וכתיב,וכתיב
ירמיה,ירמיה
אָנֹכִי,אנכי
יָדַעְתִּי,יָדַעְתִּי
הַמַּחֲשָׁבֹת,הַמַּחֲשָׁבֹת
חוֹשֵׁב,חוֹשֵׁב
בֵּית,בית
מַחְשְׁבוֹת,מַחְשְׁבוֹת
שָׁלוֹם,שלום
לָתֵת,לתת
לָכֶם,לָכֶם
אַחֲרִית,אַחֲרִית
"תִּקְוָה""","תִּקְוָה"""
הַנְהָגַת,הנהגת
לְהוֹעִילָם,להועילם
וּמַחְשְׁבוֹתָיו,ומחשבותיו
הַנִּדָּחִים,הנידחים
שֶׁהַשֵּׂכֶל,שהשכל
חֹשֵׁב,חושב
תּוֹעֶלֶת,תועלת
הַנִּמְצָא,הנמצא
הַחֲבֵרִים,החברים
וְיִתְיַעֵץ,ויתייעץ
וְעָם,ועם
עַמּוֹ,עמו
בִּפְרָט,בפרט
וּבִכְלָל,ובכלל
וְהַיּוֹצֵא,והיוצא
מֵהַהַנְהָגָה,מההנהגה
יְנַהֲלֵהוּ,ינהלהו
הַיְשָׁרָה,הישרה
וּמַחְשָׁבָה,ומחשבה
לְנַהֲגוֹ,לנהגו
וּלְנַהֲלוֹ,ולנהלו
הַמִּנְהָג,המנהג
וְהַיֹּשֶׁר,והיושר
הַמְיַשֶּׁרֶת,המיישרת
תְּחַיֶּה,תְּחַיֶּה
קֹהֶלֶת,קהלת
יב,יב
"""וְהַחָכְמָה","""וְהַחָכְמָה"
"בְעָלֶיהָ""","בְעָלֶיהָ"""
חַיֵּי,חיי
וּמַמְצִיא,וממציא
הַכְּלָל,הכלל
נוֹבֵעַ,נובע
אָב,אב
וּמִתְקַיְּמִים,ומתקיימים
מִשָּׁם,משם
יְצוּרָיו,יצוריו
וּלְיִשְׂרָאֵל,ולישראל
עִקָּר,עיקר
הַנְּשָׁמוֹת,הנשמות
הַקְּדוֹשׁוֹת,הקדושות
הָאֲצֻלּוֹת,האצולות
וִיבַקֵּשׁ,ויבקש
לָעוֹלָם,לעולם
שֶׁהָאָב,שהאב
רַחֲמָן,רחמן
בְּרוּאָיו,ברואיו
הַמְּצֵרִים,המצירים
וּכְאִלּוּ,וכאילו
יְצָרָם,יצרם
שֶׁזֶּהוּ,שזהו
רְצוֹנוֹ,רצונו
הָרוֹעֶה,הרועה
הַנֶּאֱמָן,הנאמן
"""הֶאָנֹכִי","""הֶאָנֹכִי"
הָרִיתִי,הָרִיתִי
הָעָם,הָעָם
אֵלַי,אֵלַי
שָׂאֵהוּ,שָׂאֵהוּ
"בְחֵיקֶךָ""","בְחֵיקֶךָ"""
יִשָּׂא,ישא
הָאוֹמֵן,האומן
הַיּוֹנֵק,היונק
בִּזְרוֹעוֹ,בזרועו
יְקַבֵּץ,יקבץ
טְלָאִים,טלאים
וּבְחֵיקוֹ,ובחיקו
עָלוֹת,עלות
יְנַהֵל,ינהל
הַנִּכְחָדוֹת,הנכחדות
יִפְקֹד,יפקוד
הַנַּעַר,הנער
יְבַקֵּשׁ,יבקש
הַנִּשְׁבָּרֶת,הנשברת
יְרַפֵּא,ירפא
הַנִּצָּבָה,הנצבה
יְכַלְכֵּל,יכלכל
הָאֹבְדוֹת,האובדות
יַחְזִיר,יחזיר
וְיִשָּׂא,וישא
מַשָּׂאָם,משאם
כְּאָב,כאב
הָרַחֲמָן,הרחמן
הַסּוֹבֵל,הסובל
כֹּל,כל
יִבּוֹל,יבול
יִתְעַלֵּם,יתעלם
יָקוּץ,יקוץ
וִינַהֵל,וינהל
צָרְכּוֹ,צרכו
בָּנִים,בנים
פְּרוּשִׂים,פרושים
יְבַזֵּם,יבזם
יְאַבְּדֵם,יאבדם
פְרוּשָׂה,פרושה
דּוֹמֵם,דומם
וְצוֹמֵחַ,וצומח
וְחַי,וחי
וּמְדַבֵּר,ומדבר
הֻזְהַרְנוּ,הוזהרנו
מִבִּזּוּי,מביזוי
אוֹכְלִים,אוכלים
שֶׁכְּמוֹ,שכמו
מְבַזָּה,מבזה
וְהַכֹּל,והכל
נַעֲשָׂה,נעשה
רַחֲמֵי,רחמי
עֹנֶשׁ,עונש
רַבֵּינוּ,רבינו
חָס,חס
הַבָּקָר,הבקר
מִתְחַבֵּא,מתחבא
וְאָמַר,ואמר
"""זִיל","""זיל"
"נוֹצַרְתָּ""","נוצרת"""
פה,פה
בָּאוּ,באו
יִסּוּרִין,יסורין
מְגִנִּים,מגינים
הַחֻלְדָּה,החולדה
"""רַחֲמָיו","""רַחֲמָיו"
"מַעֲשָׂיו""","מַעֲשָׂיו"""
נִצּוֹל,ניצול
שֶׁפֵּרַשׂ,שפירש
וְנִסְתַּלְּקוּ,ונסתלקו
הַיִּסּוּרִים,היסורים
שֶׁכֻּלָּם,שכולם
יַעֲקֹר,יעקור
הַצּוֹמֵחַ,הצומח
לְצֹרֶךְ,לצורך
יָמִית,ימית
הַבַּעַל,הבעל
חַי,חי
לְצוּרֵךְ,לצורך
וְיִבְרֹר,ויברור
יָפָה,יפה
בְּסַכִּין,בסכין
בְּדוּקָה,בדוקה
שֶׁאֶפְשָׁר,שאפשר
הַחֶמְלָה,החמלה
לְחַבְּלָם,לחבלם
בַּחָכְמָה,בחכמה
זוּלָתִי,זולתי
לְהַעֲלוֹתָם,להעלותם
מִמַּעֲלָה,ממעלה
מִצּוֹמֵחַ,מצומח
לְחַי,לחי
מֵחַי,מחי
לִמְדַבֵּר,למדבר
שֶׁאָז,שאז
מֻתָּר,מותר
לַעֲקֹר,לעקור
וּלְהָמִית,ולהמית
הַחַי,החי
לָחוּב,לחוב
מְנָת,מנת
לְזַכּוֹת,לזכות
הַבִּינָה,הבינה
בִּינָה,בינה
כָּמוֹהָ,כמוה
מְתַקֶּנֶת,מתקנת
שֶׁדֶּרֶךְ,שדרך
לְמַתֵּק,למתק
וּלְבַטֵּל,ולבטל
מְרִירוּתָם,מרירותם
וִיתַקֵּן,ויתקן
פְּגָם,פגם
וּמִי,ומי
שֶׁמְּהַרְהֵר,שמהרהר
גּוֹרֵם,גורם
שֶׁתָּאִיר,שתאיר
וְנִמְצְאוּ,ונמצאו
לִכְלֹל,לכלול
בְּבִינָה,בבינה
וִימֵי,וימי
מְעֻטָּרִים,מעוטרים
הַתְּשׁוּבָה,התשובה
וּרְאֵה,וראה
כְמוֹ,כמו
שֶׁהַתְּשׁוּבָה,שהתשובה
שֹׁרֶשׁ,שורש
הַיּוֹבֵל,היובל
נְהַר,נהר
דִּינוּר,דינור
הַנִּכְלָל,הנכלל
בִּקְדֻשָּׁה,בקדושה
נִשְׁרַשׁ,נשרש
וְיִתְפַּשֵּׁט,ויתפשט
וְיִקָּרֵא,ויקרא
הִתְפַּשְּׁטוּת,התפשטות
וּבְסוֹד,ובסוד
"""וַיָּרַח","""וַיָּרַח"
רֵיחַ,רֵיחַ
"הַנִּיחֹחַ""","הַנִּיחֹחַ"""
בְּרֵאשִׁית,בראשית
כא,כא
יַחְזֹר,יחזור
הַהִתְפַּשְּׁטוּת,ההתפשטות
מְקוֹרוֹ,מקורו
וְיֻמְתְּקוּ,ויומתקו
וְיִשְׁקֹט,וישקוט
הֶחָרוֹן,החרון
וְיִנָּחֵם,וינחם
תְּשׁוּבָתוֹ,תשובתו
לָרָע,לרע
לְחֵלֶק,לחלק
הַקְּדֻשָּׁה,הקדושה
שֶׁבָּאָדָם,שבאדם
שֶּׁבּוֹ,שבו
מִתְמַתֵּק,מתמתק
תֵּדַע,תדע
וּמִנָּחָשׁ,ומנחש
וְנֶאֱמַר,ונאמר
"""הֲלֹא","""הֲלֹא"
תֵּיטִיב,תֵּיטִיב
"שְׂאֵת""","שְׂאֵת"""
תַּחְשֹׁב,תחשוב
לְךָ,לך
תַּקָּנָה,תקנה
שֶׁקֶר,שקר
וְתַשְׁרִישׁ,ותשריש
עַצְמְךָ,עצמך
תִּסְתַּלֵּק,תסתלק
הַמֻּשְׁרָשׁ,המושרש
מַר,מר
שָׁרְשׁוֹ,שרשו
מָתוֹק,מתוק
וְיָכוֹל,ויכול
וּלְהֵטִיב,ולהטיב
וּזְדוֹנוֹת,וזדונות
נַעֲשׂוּ,נעשו
כִּזְכֻיּוֹת,כזכיות
מְקַטְרְגוֹת,מקטרגות
מִסִּטְרָא,מסטרא
דִשְׂמָאלָא,דשמאלא
שְׁלֵמָה,שלימה
מַכְנִיס,מכניס
וּמַשְׁרִישׁ,ומשריש
הַמְּקַטְרְגִים,המקטרגים
מִתְבַּטְּלִים,מתבטלים
מְטִיבִין,מטיבין
וּמִשְׁתָּרְשִׁים,ומשתרשים
הֲטָבַת,הטבת
וְנִתְקַן,ונתקן
זְדוֹן,זדון
שֶׁבּוֹ,שבו
הוֹלִיד,הוליד
קִינָא,קינא
דִמְסָאֲבוּתָא,דמסאבותא
נֶחְשָׁב,נחשב
"""בְּרָא","""ברא"
מְזַכֶּה,מזכה
"אַבָּא""","אבא"""
רָצָה,רצה
סִטְרָא,סטרא
נִמְשַׁךְ,נמשך
עֲנָפָיו,ענפיו
עֲתִידִין,עתידין
לְהִתְמַתֵּק,להתמתק
וּמִתְמַתְּקִים,ומתמתקים
הַטַּעַם,הטעם
שֶׁפֵּרַשְׁנוּ,שפירשנו
מַשְׁרִישׁ,משריש
וּמְמַתְּקוֹ,וממתקו
וּמַכְנִיסוֹ,ומכניסו
מְטַהֵר,מטהר
יֵצֶר,יצר
מִשְׁתָּרֵשׁ,משתרש
לְמָעְלָה,למעלה
יוֹם,יום
וָיוֹם,ויום
יְהַרְהֵר,יהרהר
כֵּיצַד,כיצד
הָעִקָּר,העיקר
כְּנִיסַת,כניסת
לֶאֱהֹב,לאהוב
יַנִיחַ,יניח
עֲבוֹדָתוֹ,עבודתו
לְשׁוּם,לשום
נֶאֱהָב,נאהב
לְעֵרֶךְ,לערך
תְּחִלָּה,תחלה
הַמּוֹתָר,המותר
הַצְּרָכִים,הצרכים
הָאַהֲבָה,האהבה
תְּקוּעָה,תקועה
בֵּין,בין
מֵאֵת,מאת
וּבֵין,ובין
וְתוֹכָחוֹת,ותוכחות
יַחְשְּׁבֵם,יחשבם
לְאַהֲבָה,לאהבה
כז,כז
"""נֶאֱמָנִים","""נֶאֱמָנִים"
פִּצְעֵי,פִּצְעֵי
"אוֹהֵב""","אוֹהֵב"""
וּכְדִכְתִיב,וכדכתיב
"""וּבְכָל","""וּבְכָל"
"מְאֹדֶךָ""","מְאֹדֶךָ"""
נד,נד
"""בְּכָל","""בכל"
וּמִדָּה,ומדה
"וְכוּ'""","וכו'"""
וְנִמְצָא,ונמצא
מֵהַמַּלְכוּת,מהמלכות
פוֹעֶלֶת,פועלת
קְשׁוּרָה,קשורה
נַחוּם,נחום
"""גַם","""גם"
"לְטוֹבָה""","לטובה"""
לְקָשְׁרָה,לקשרה
הַנִּקְרָא,הנקרא
בִּשְׂמֹאל,בשמאל
בַּגְּבוּרָה,בגבורה
לְטוֹבָה,לטובה
שָׂם,שם
בַּמִּדָּה,במדה
וּמַסְתִּיר,ומסתיר
דִּינֶיהָ,דיניה
הַנְהָגָה,הנהגה
לְהִקָּשֵׁר,להיקשר
וּבַתִּקּוּנִים,ובתיקונים
פֵּרְשׁוּ,פירשו
בַּהַקְדָּמָה,בהקדמה
"""אֵיזֶה","""איזה"
חָסִיד,חסיד
הַמִּתְחַסֵּד,המתחסד
"קוֹנוֹ""","קונו"""
שֶׁגְּמִילוּת,שגמילות
שֶׁיְּכַוֵּן,שיכוין
הַתִּקּוּן,התיקון
דֻּגְמָתוֹ,דוגמתו
שֶׁגּוֹמֵל,שגומל
מֵהַחֶסֶד,מהחסד
בִּבְנֵי,בבני
יִלְמַד,ילמד
וְעַתָּה,ועתה
לָדַעַת,לדעת
וְכֻלָּם,וכלם
לִקְנוֹת,לקנות
נֹאמַר,נאמר
בְּלֵדַת,בלידת
לִגְמֹל,לגמול
תִּקּוּן,תיקון
לִמְזוֹנוֹ,למזונו
יַעֲלֶה,יעלה
לֵדַת,לידת
הַתִּפְאֶרֶת,התפארת
וַיְהִי,ויהי
בְּהַקְשֹׁתָהּ,בהקשותה
בְּלִדְתָּהּ,בלידתה
וְלֵדָתָהּ,ולידתה
בְּקֹשִׁי,בקושי
הָאֶפְשָׁר,האפשר
הַיְּמִין,הימין
שֶׁיֵּצֵא,שיצא
הַוָּלָד,הוולד
מוּם,מום
כִּדְאָמְרִינַן,כדאמרינן
"""וְתוֹצִיא","""ותוציא"
לָאוֹר,לאור
מִשְׁפָּטֵינוּ,משפטינו
"קָדוֹשׁ""","קדוש"""
שֶׁיּוֹצִיא,שיוציא
מִשְׁפָּט,משפט
הָאוֹר,האור
הַיָּמִין,הימין
קָדוֹשׁ,קדוש
וְנִבְדָּל,ונבדל
נִכְלָל,נכלל
לְקוֹשְׁרוֹ,לקושרו
בַּחֶסֶד,בחסד
מְזֹּרָז,מזורז
וּמְלֻבָּן,ומלובן
וְכִמְעַט,וכמעט
אַזְהָרָה,אזהרה
שֶׁבַּתּוֹרָה,שבתורה
יְעוֹרְרוּ,יעוררו
תִּגְבֹּרֶת,תגבורת
בְּלֵדָתָהּ,בלדתה
שְׁנִיָּה,שניה
לָמוּל,למול
הַיְנוּ,היינו
כְּתִקּוּנֵי,כתיקוני
אֵיזֶה,איזה
קְלִפָּה,קליפה
וְעָרְלָה,וערלה
הַמִטַפֶלֶת,המטפלת
הַיְסוֹד,היסוד
יָמוּל,ימול
וְיִרְדֹּף,וירדוף
הַגּוֹרְמִים,הגורמים
עָרְלָה,ערלה
וְיַחְזִירֵם,ויחזירם
בְּאֹפֶן,באופן
שֶׁבִּהְיוֹתוֹ,שבהיותו
מָל,מל
עָרְלַת,ערלת
לְבָבָם,לבבם
הַצַּדִּיק,הצדיק
וְיַעֲמֹד,ויעמוד
בְּחָזְקָה,בחזקה
פִּנְחָס,פינחס
כְּשֶׁמָּל,כשמל
זָכָה,זכה
כְּהֻנָּה,כהונה
שֶׁגָּמַל,שגמל
הַמִּילָה,המילה
שֶׁמָּל,שמל
שְׁלִישִׁית,שלישית
לְבַקֵּר,לבקר
חוֹלִים,חולים
וּלְרַפְּאוֹתָם,ולרפאותם
שֶׁהַשְּׁכִינָה,שהשכינה
חוֹלַת,חולת
מֵהַיִּחוּד,מהייחוד
שיר,שיר
השירים,השירים
וּרְפוּאָתָהּ,ורפואתה
לְהָבִיא,להביא
סַמָּנִים,סַמָּנִים
יָפִים,יפים
"""סַמְּכוּנִי","""סַמְּכוּנִי"
בָּאֲשִׁישׁוֹת,בָּאֲשִׁישׁוֹת
רַפְּדוּנִי,רַפְּדוּנִי
"בַּתַּפּוּחִים""","בתפוחים"""
בַּתִּקּוּנִים,בתקונים
אֲשִׁישׁוֹת,אשישות
הַנִּקְשָׁרִים,הנקשרים
בְּמַלְכוּת,במלכות
בְּאֵשׁ,באש
י',י'
וּבְאֵשׁ,ובאש
גְּבוּרָה,גבורה
זְרוֹעוֹת,זרועות
נִסְמֶכֶת,נסמכת
סוֹמֵךְ,סומך
הַחוֹלֶה,החולה
בְּחָלְיוֹ,בחליו
"""רַפְּדוּנִי","""רפדוני"
נֶצַח,נצח
וְהוֹד,והוד
שֶׁשָּׂם,ששם
רְפִידָתָהּ,רפידתה
בִּהְיוֹתָהּ,בהיותה
חִוָּר,חיוור
וְסוּמָּק,וסומק
כַּתַּפּוּחִים,כתפוחים
הַלָּלוּ,הללו
שֶׁגַּוָּנֵיהֶם,שגוניהם
מְזוּגִים,מזוגים
לְבַקְּרָהּ,לבקרה
וְלִזְכֹּר,ולזכור
וּלְחַלּוֹת,ולחלות
פָּנֶיהָ,פניה
שֶּׁתְּקַבֵּל,שתקבל
מַאֲכָל,מאכל
וּמַשְׁקֵה,ומשקה
מֵהַשֶּׁפַע,מהשפע
עַצְמָהּ,עצמה
וַתִּקְצַר,ותקצר
נַפְשָׁהּ,נפשה
בְּחוֹלִים,בחולים
הַגַּשְׁמִיִּים,הגשמיים
חוֹלָה,חולה
כִּדְאָמְרָן,כדאמרן
חוֹלֶה,חולה
דְּנָע,דנע
מֵאַתְרֵיהּ,מאתריה
דְּאָתֵי,דאתי
וְנָד,ונד
אַבַּתְרָהּ,אבתרה
בְּעָלְמָא,בעלמא
דֵין,דין
"""כְּצִפּוֹר","""כְצִפּוֹר"
נוֹדֶדֶת,נוֹדֶדֶת
"קִנָּהּ""","קִנָּהּ"""
הַשְּׁכִינָה,השכינה
"""כֵּן","""כֵּן"
נוֹדֵד,נוֹדֵד
"מִמְּקוֹמוֹ""","מִמְּקוֹמוֹ"""
וּנְטִיר,ונטיר
וְאוֹמֵי,ואומי
דְּלָא,דלא
יְתֵיב,יתיב
לְאַתְרֵיהּ,לאתריה
דְּיַחֲזִיר,דיחזיר
לְאַתְרָהּ,לאתרה
מְחֹלָל,מחולל
מִפְּשָׁעֵנוּ,מפשעינו
לִרְצוֹנוֹ,לרצונו
מֵעֲוֹנֹתֵינוּ,מעונותינו
וּרְפוּאַת,ורפואת
שְׁנֵיהֶם,שניהם
בְּיָדֵינוּ,בידינו
לְבַקְּרָם,לבקרם
וּלְהַזְמִין,ולהזמין
צָרְכֵיהֶם,צרכיהם
בְּתוֹרָה,בתורה
וּבְמִצְוֹת,ובמצוות
רְבִיעִית,רביעית
צְדָקָה,צדקה
לָעֲנִיִּים,לעניים
וְדֻגְמָתָם,ודוגמתם
יְסוֹד,יסוד
וּמַלְכוּת,ומלכות
וְהַצְּדָקָה,והצדקה
הָרְאוּיָה,הראויה
"י""ח","י""ח"
"ל""ג","ל""ג"
לְקַיֵּם,לקיים
צ',צ'
אָמֵנִים,אמנים
ד',ד'
קְדֻשּׁוֹת,קדושות
ק',ק'
חֻמְּשֵׁי,חומשי
תוֹרָה,תורה
יַמְשִׁיךְ,ימשיך
מִתִּפְאֶרֶת,מתפארת
וְיַזְמִין,ויזמין
"""לֶקֶט""","""לקט"""
"""שִׁכְחָה""","""שכחה"""
מִסּוֹד,מסוד
הָעֹמֶר,העומר
"""וּפֵאָה""","""ופאה"""
מִבְּחִינַת,מבחינת
פֵּאָה,פאה
"""לֶעָנִי","""לֶעָנִי"
וְלַגֵּר,וְלַגֵּר
"אֹתָם""","אֹתָם"""
שֶׁאֲפִילוּ,שאפילו
גֵּר,גר
בַּמַּלְכוּת,במלכות
הַתִּקּוּנִים,התיקונים
מַעֲשֵׂר,מעשר
לְהַעֲלוֹת,להעלות
יְקַשְּׁרֶנָהּ,יקשרנה
בַּתִּפְאֶרֶת,בתפארת
הַמַּעֲשֵׂר,המעשר
הַגֵּר,הגר
וְכַמָּה,וכמה
תִּקּוּנִים,תקונים
נִכְלָלִים,נכללים
חֲמִישִׁית,חמישית
הַכְנָסַת,הכנסת
אוֹרְחִים,אורחים
וְהַיְסוֹד,והיסוד
מְנוּחָה,מנוחה
שֶּׁיָּנוּחוּ,שינוחו
בָהּ,בה
הוֹלְכֵי,הולכי
דְּרָכִים,דרכים
הַגְלוֹת,הגלות
לְחַזֵּר,לחזר
אֲבֵדָתָם,אבידתם
לְהַכְנִיסָם,להכניסם
וּלְפִי,ולפי
הַמִּתְבָּאֵר,המתבאר
"ח""א","ח""א"
קטו,קטו
הַמִּצְוָה,המצוה
בְּהוֹלְכֵי,בהולכי
שִׂיחוֹ,שיחו
הַמִּתְגָּרְשִׁים,המתגרשים
מִבֵּיתֵיהֶם,מביתיהם
לַעֲסֹק,לעסוק
בַּתּוֹרָה,בתורה
שֶׁגּוֹרְמִים,שגורמים
הָאוֹרְחִים,האורחים
עוֹסְקִים,עוסקים
בְּצָרְכֵי,בצרכי
הָעוֹשֶׂה,העושה
יִחוּד,יחוד
מִבְּחִינָה,מבחינה
וְקוֹבֵעַ,וקובע
מָקוֹם,מקום
לְתוֹרָתוֹ,לתורתו
שֶׁהַתִּפְאֶרֶת,שהתפארת
מְלוֹנוֹ,מלונו
וְאֶל,ואל
לְהָכִין,להכין
אֲכִילָה,אכילה
שְׁתִיָּה,שתיה
לְוָיָה,לויה
וְלָתֵת,ולתת
"""אֲכִילָה""","""אכילה"""
מֵעֵין,מעין
"""בָּאתִי","""בָּאתִי"
לְגַנִּי,לְגַנִּי
אָכַלְתִּי,אָכַלְתִּי
יַעְרִי,יַעְרִי
"דִּבְשִׁי""","דִּבְשִׁי"""
לַהַנְהָגָה,להנהגה
הַתַּחְתּוֹנָה,התחתונה
הַמִּתְפַּשֶּׁטֶת,המתפשטת
הַגְּבוּרָה,הגבורה
הַמְּתוּקָה,המתוקה
"וּ""שְׁתִיָּה""","ו""שתיה"""
"""שָׁתִיתִי","""שָׁתִיתִי"
יֵינִי,יֵינִי
"חֲלָבִי""","חֲלָבִי"""
פְּנִימִי,פנימי
הַיַּיִן,היין
הַמְּשֻׁמָּר,המשומר
וּמִסּוֹד,ומסוד
הֶחָלָב,החלב
הַמִּתְמַתֵּק,המתמתק
לְקַשֵּׁר,לקשר
וְהַמַּלְכוּת,והמלכות
וְרָחֵל,ורחל
בְּנֶצַח,בנצח
בְּהוֹד,בהוד
בְּרַעְיָא,ברעיא
מְהֵימְנָא,מהימנא
"וְהַ""לְּוָיָה""","וה""לויה"""
וְנִשְׁמָתוֹ,ונשמתו
בִּדְיוֹקַן,בדיוקן
לְלַוּוֹתָם,ללוותם
בְּתִקּוּן,בתיקון
יִשְׁתַּדֵּל,ישתדל
בְּצֹרֶךְ,בצורך
הֶדְיוֹט,הדיוט
וִיכַוֵּן,ויכוין
בִּרְמִיזָתוֹ,ברמיזתו
וּמֻבְטָח,ומובטח
כַּיּוֹצֵא,כיוצא
בָּקִי,בקי
בַּסּוֹדוֹת,בסודות
לְהַזְכִּיר,להזכיר
בְּפִיו,בפיו
רְמִיזַת,רמיזת
כַּוָּנָתוֹ,כוונתו
הַנְּכוֹנָה,הנכונה
בִּשְׁעַת,בשעת
מַעֲשֶׂה,מעשה
"""בְּפִיךָ","""בְּפִיךָ"
וּבִלְבָבְךָ,וּבִלְבָבְךָ
"לַעֲשׂוֹתוֹ""","לַעֲשׂוֹתוֹ"""
דברים,דברים
ל,ל
שִׁשִּׁית,ששית
הַמֵּת,המת
וְדָבָר,ודבר
יִתְיַחֵס,יתייחס
מִתַּעֲלֻמוֹת,מתעלמות
וּמִסְתַּלְּקוֹת,ומסתלקות
נַרְתִּיקָן,נרתיקן
לְתַקְּנָן,לתקנן
לְהַרְחִיצָן,להרחיצן
חֶלְאַת,חלאת
וּלְהַלְבִּישָׁן,ולהלבישן
לְבָנִים,לבנים
לִבּוּנֵי,לבוני
בְּאוֹר,באור
הַמַּעֲשֶׂה,המעשה
לְהִתְעַלּוֹת,להתעלות
לְקָשְׁרָם,לקשרם
וְלָשֵׂאת,ולשאת
הַכָּתֵף,הכתף
עִלּוּי,עילוי
אֶחָת,אחת
שֶׁיִּתְעַלּוּ,שיתעלו
מֵהַכָּתֵף,מהכתף
תְּחִלַּת,תחילת
חִבּוּר,חיבור
הַזְּרוֹעַ,הזרוע
בַּגּוּף,בגוף
וּלְמַעְלָה,ולמעלה
הַהֶעְלֵם,ההעלם
הַשָּׂגָה,השגה
הַקְּבוּרָה,הקבורה
לְפָסוּק,לפסוק
"""וַיִּקְבֹּר","""וַיִּקְבֹּר"
אֹתוֹ,אֹתוֹ
"בַגַּי""","בַגַּי"""
דִּמְתַּרְגְּמִינַן,דמתרגמינן
בִּתְלֵיסַר,בתליסר
מְכִילִין,מכילין
דְּרַחֲמֵי,דרחמי
נוֹבְעוֹת,נובעות
בִּבְחִינוֹתָיו,בבחינותיו
הַפֹּנוֹת,הפונות
הַנִּקְבָּר,הנקבר
הָעֵדֶן,העדן
שֶׁבַּכֶּתֶר,שבכתר
הִתְיַשְּׁבוּת,התיישבות
הַדַּעַת,הדעת
שְׁבִיעִית,שביעית
כַּלָּה,כלה
לְחֻפָּה,לחופה
הַיִּחוּד,היחוד
הַתְּפִלּוֹת,התפילות
וְהַיִּחוּדִים,והייחודים
לַחֻפָּה,לחופה
וְעִקָּרָהּ,ועיקרה
מִכַּמָּה,מכמה
מַדְרֵגוֹת,מדרגות
קָרְבָּנוֹת,קרבנות
זְמִירוֹת,זמירות
תְּפִילָה,תפילה
מְיֻשָּׁב,מיושב
שֶׁבָּהּ,שבה
קְרִיאַת,קריאת
שְׁמַע,שמע
וּבִרְכוֹתֶיהָ,וברכותיה
תְּפִלָה,תפילה
מְעֻמָּד,מעומד
הַבָּאִים,הבאים
אַחֲרֵיהֶם,אחריהם
הֶחָתָן,החתן
וְהַכַּלָּה,והכלה
לְפַקֵּחַ,לפקח
וְתִקּוּנֵי,ותיקוני
זִווּגָם,זיווגם
שְׁמִינִית,שמינית
הֲבָאַת,הבאת
לִפְעָמִים,לפעמים
יִתְרַחֲקוּ,יתרחקו
לְהַשְׁלִימָם,להשלימם
וּלְתַקְּנָם,ולתקנם
שָׁוִים,שווים
וְנִקְשָׁרִים,ונקשרים
וְחִבָּה,וחיבה
כִּשְׁרוֹן,כשרון
נֹטֶה,נוטה
הַשְּׂמֹאל,השמאל
וְהַתִּפְאֶרֶת,והתפארת
נֶגְדִּיִּים,נגדיים
שֶׁהַיְּסוֹד,שהיסוד
יִטֶּה,יטה
כָּמוֹהוּ,כמוהו
שִׂנְאָה,שנאה
שְׁתֵּי,שתי
סְפִירוֹת,ספירות
יָמִין,ימין
וּשְׂמֹאל,ושמאל
וְהַבִּינָה,והבינה
הַנֵּצַח,הנצח
וְהַהוֹד,וההוד
בֵּינֵיהֶם,ביניהם
לְאִשְׁתּוֹ,לאשתו
מִדַּרְכֵי,מדרכי
דַּע,דע
הִתְעוֹרְרוּת,התעוררות
מְעוֹרְרוֹת,מעוררות
הַחֲזָקוֹת,החזקות
יִתְנוֹעֵעַ,יתנועע
יְעוֹרֵר,יעורר
נוֹצָר,נוצר
יְצִירוֹת,יצירות
וְיֵצֶר,ויצר
גְבוּרָה,גבורה
מט,מט
שֶׁיֵּצֶר,שיצר
לְצָרְכּוֹ,לצרכו
אִשְׁתּוֹ,אשתו
רְאֵה,ראה
מְתוּקִים,מתוקים
דְּבָרָיו,דבריו
נוֹטֶה,נוטה
הַנְהָגוֹתָיו,הנהגותיו
בַּיָּמִין,בימין
וְהַנְּקֵבָה,והנקבה
שְׂמָאלִית,שמאלית
הַנְהָגוֹתֶיהָ,הנהגותיה
יִתְעוֹרֵר,יתעורר
לְתוֹעֶלֶת,לתועלת
מְעוֹרֵר,מעורר
וּמְאַבֵּד,ומאבד
שֶׁיְּעוֹרֵר,שיעורר
יִרְאֶה,יראה
מַגְבִּיר,מגביר
קָשׁוּר,קשור
וְאָסוּר,ואסור
פְּעֻלָּה,פעולה
מִפְּעֻלּוֹת,מפעולות
גּוּפוֹ,גופו
לְחִמּוּד,לחימוד
בִּיאָה,ביאה
לְחֶמְדַּת,לחמדת
כָּבוֹד,כבוד
בְּנַחַת,בנחת
הַמְּתוּקוֹת,המתוקות
לְהַלְבִּישׁה,להלבישה
בַּיִת,בית
מַלְבִּישׁה,מלבישה
מִתְקַשֶּׁטֶת,מתקשטת
בַּבִּינָה,בבינה
דְכָלִיל,דכליל
כּוּלְּהוּ,כולהו
גְּבוּרוֹת,גבורות
מִתְמַתְקוֹת,מתמתקות
בַּהֲמוֹן,בהמון
רַחֲמֶיהָ,רחמיה
תִּקּוּנֵי,תיקוני
הַבַּיִת,הבית
מִתְמַתֶּקֶת,מתמתקת
הַנִּבְרָא,הנברא
רְצוֹן,רצון
זוּלַת,זולת
הֲנָאָה,הנאה
כְּלוּם,כלום
כְּשֶׁאִשְׁתּוֹ,כשאשתו
מִתְנָאָה,מתנאה
בְּדִירָה,בדירה
לְתִקּוּנֵי,לתיקוני
מִתְתַּקֶּנֶת,מתתקנת
בִּגְבוּרוֹת,בגבורות
הַשְּׁמָאלִיוֹת,השמאליות
שֶׁמִּשָּׁם,שמשם
הָעֹשֶׁר,העושר
וְהַכָּבוֹד,והכבוד
וּמִצַּד,ומצד
הַיֵּצֶר,היצר
לְאַהֲבָתָהּ,לאהבתה
הַמִּתְעוֹרֵר,המתעורר
לְקָרְבָה,לקרבה
"""שְׂמֹאלוֹ","""שמאלו"
"לְרֹאשִׁי""","לראשי"""
שִׁיר,שיר
הַשִּׁירִים,השירים
ג,ג
מִתְקַשֶּׁרֶת,מתקשרת
"""וִימִינוֹ","""וימינו"
"תְּחַבְּקֵנִי""","תחבקני"""
בְּיִצְרוֹ,ביצרו
וּלְתַקֵּן,ולתקן
לְשַמְּחָהּ,לשמחה
בִּדְבַר,בדבר
לֶשֶׁם,לשם
הִמְתִּיק,המתיק
וְתִקְּנָם,ותיקנם
בִּימִין,בימין
וְדֶרֶךְ,ודרך
מִינֵי,מיני
חֶמְדָּה,חמדה
עִקָּרָם,עיקרם
הָאִשָּׁה,האשה
הוֹכִיחַ,הוכיח
לְעֵזֶר,לעזר
כְּנֶגְדּוֹ,כנגדו
וְיַהֲפֹךְ,ויהפוך
כוּלָּם,כולם
שֶׁמִּדַּת,שמדת
הָעֵסֶק,העסק
זְהִירוּת,זהירות
יִתְגָּאֶה,יתגאה
בְּדִבְרֵי,בדברי
יִגְרֹם,יגרום
תִּתְגָּאֶה,תתגאה
הַמַּשְׁפִּיל,המשפיל
שֶׁתֵּרֵד,שתרד
וְתַשְׁפִּיל,ותשפיל
לַמַּלְכוּת,למלכות
מֵהַתִּפְאֶרֶת,מהתפארת
אַרְבַּע,ארבע
וְלָהֶן,ולהן
שָׁלֹשׁ,שלש
הַמִּתְגָּאֶה,המתגאה
תַּלְמִידִים,תלמידים
וְיִתְעַלֶּה,ויתעלה
מֵעַל,מעל
וָהוֹד,והוד
לִמֻּדֵי,למודי
תַּלְמִידֵי,תלמידי
וְהַמַּשְׁפִּיל,והמשפיל
וּמְלַמְּדָהּ,ומלמדה
יַשְׁפִּיל,ישפיל
תַּלְמִידָיו,תלמידיו
וְיַשְׁפִּיעֵם,וישפיעם
נוֹחַ,נוח
לְתַלְמִידָיו,לתלמידיו
וִילַמְּדֵם,וילמדם
יוּכְלוּן,יוכלון
בִּזְכוּתוֹ,בזכותו
בְּלִמּוּדֵי,בלמודי
בְּחִינָתָם,בחינתם
שֵׁנִית,שנית
בְּתוֹרָתוֹ,בתורתו
וּמְבַזֶּה,ומבזה
כְּהַהוּא,כההוא
עוּבְדָּא,עובדא
דְּאֵלִיָהוּ,דאליהו
שֶׁנִּדְמֶה,שנדמה
לְרַבִּי,לרבי
אֶלְעָזָר,אלעזר
כְּעָנִי,כעני
וְנִמְאָס,ונמאס
לְהַכְשִׁילוֹ,להכשילו
שֶׁזָּחָה,שזחה
וְגִנָּה,וגינה
מוּמוֹ,מומו
תַּעֲנִית,תענית
מְיֻשֶּׁבֶת,מיושבת
בַּיְסוֹד,ביסוד
יֵחָשֵׁב,יחשב
וְיִתְקַשֵּׁר,ויתקשר
עַמָּא,עמא
דְאַרְעָא,דארעא
כְּלַל,כלל
מְעֹרֶבֶת,מעורבת
הַיִּשּׁוּב,הישוב
הָאָרֶץ,הארץ
קוֹרֵא,קורא
חֲמוֹרִים,חמורים
מוֹרִידָם,מורידם
הַקְּלִפּוֹת,הקליפות
יִזְכֶּה,יזכה
לְבֵן,לבן
כִּדְאִיתָא,כדאיתא
נְדָרִים,נדרים
פא,פא
פִּי,פי
דַרְכָּם,דרכם
וּמַנְהִיגָה,ומנהיגה
עֲנִיּוּת,עניות
דַּעְתָּהּ,דעתה
דַּעְתָּן,דעתן
נָשִׁים,נשים
קַלָּה,קלה
וּבִכְלַל,ובכלל
חֲלוּשֵׁי,חלושי
בִּכְלַל,בכלל
עֲפַר,עפר
וּמִפְּנֵי,ומפני
הַקַּדְמוֹנִים,הקדמונים
מִתְגָּאִים,מתגאים
כְּעוּבְדָּא,כעובדא
דְּרַב,דרב
הַמְנוּנָא,המנונא
דְּרַבִּי,דרבי
חַגַּאי,חגאי
קנח,קנח
"כ""ו","כ""ו"
"ע""ב","ע""ב"
סָבָא,סבא
דְּבָעוּ,דבעו
לְנַשְּׁקָא,לנשקא
לֵיהּ,ליה
פָּרַח,פרח
רָגִיל,רגיל
לְכַוֵּן,לכוין
לְתַקְּנָהּ,לתקנה
וּלְקַשְּׁטָהּ,ולקשטה
הֲלָכָה,הלכה
הָאֱמֶת,האמת
וְזֶהוּ,וזהו
מַחְלֹקֶת,מחלוקת
וּגְבוּרָה,וגבורה
לָבֹא,לבוא
לְהַסְכִּים,להסכים
הַשּׁוּרָה,השורה
יִבָּדֵל,יבדל
לְהִתְאַחֵז,להתאחז
בַּחוּץ,בחוץ
לְקַנְטֵר,לקנטר
סוֹפָהּ,סופה
גֵּיהִנֹּם,גיהנם
יִפְגֹּם,יפגום
נְתִיבוֹתֶיהָ,נתיבותיה
בְּסוֹפָהּ,בסופה
וְהָאוֹכֵל,והאוכל
הֲנָאוֹת,הנאות
מִדִּבְרֵי,מדברי
קֹדֶשׁ,קדש
וּמוֹצִיאָהּ,ומוציאה
דִּבְרֵי,דברי
חוֹל,חול
יַעֲסֹק,יעסוק
לַהֲנָאַת,להנאת
גָּבוֹהַּ,גבוה
אַשְׁרֵי,אשרי
וְעִקָּר,ועיקר
לְצָרֵף,לצרף
בְּמִבְחַן,במבחן
וּלְפַשְׁפֵּשׁ,ולפשפש
מַשָּׂא,משא
וּמַתָּן,ומתן
שֵׁמֶץ,שמץ
עֶרְוַת,ערות
יַחֲזֹר,יחזור
וּלְעוֹלָם,ולעולם
יוֹדֶה,יודה
שֶׁיִּמָּצֵא,שימצא
הוֹד,הוד
בִּכְלָלוּת,בכללות
וְאוּלָם,ואולם
בְּתִקּוּנֵי,בתקוני
קְצָתָם,קצתם
לִשְׁנֵיהֶם,לשניהם
וּקְצָתָם,וקצתם
מְיֻחָדִים,מיוחדים
לְסַיֵּעַ,לסייע
לוֹמְדֵי,לומדי
וּלְהַחְזִיקָם,ולהחזיקם
בְּמָמוֹנוֹ,בממונו
בְּמַעֲשֵׂהוּ,במעשהו
לְהַזְמִין,להזמין
שִׁמּוּשׁ,שימוש
וְהַזְמָנַת,והזמנת
מָזוֹן,מזון
רְצוֹנָם,רצונם
יִתְבַּטְּלוּ,יתבטלו
וּלְהִזָּהֵר,ולהיזהר
לְגַנּוֹת,לגנות
תַּלְמוּדָם,תלמודם
יִתְרַפּוּ,יתרפו
מֵעֵסֶק,מעסק
לְכַבְּדָם,לכבדם
וּלְהַלֵּל,ולהלל
מַעֲשֵׂיהֶם,מעשיהם
שֶׁיִּתְחַזְּקוּ,שיתחזקו
בַּעֲבוֹדָה,בעבודה
סְפָרִים,ספרים
עִסְקָם,עסקם
וּבֵית,ובית
מִדְרָשׁ,מדרש
חִזּוּק,חיזוק
וְסַעַד,וסעד
לְעוֹסְקֵי,לעוסקי
בִּשְׁתֵּי,בשתי
רָב,רב
שֶׁיַּרְבֶּה,שירבה
וּלְהַחְזִיק,ולהחזיק
בְּדִבּוּר,בדיבור
וּבְמָמוֹנוֹ,ובממונו
וּלְעוֹרֵר,ולעורר
לֵב,לב
נֶאֱחַז,נאחז
וְנִשְׁרַשׁ,ונשרש
מַחְזִיקִים,מחזיקים
וְתוֹמְכֶיהָ,ותומכיה
הָעוֹסֵק,העוסק
שֶׁיִּלְמֹד,שילמוד
קיט,קיט
צט,צט
"""מִכָּל","""מִכָּל"
מְלַמְּדֵי,מְלַמְּדֵי
"הִשְׂכַּלְתִּי""","הִשְׂכַּלְתִּי"""
מִשְׁתַּלֶּמֶת,משתלמת
וְכֵיוָן,וכיון
נַעֲשֶׂה,נעשה
תַּלְמִיד,תלמיד
זוֹכֶה,זוכה
מֶרְכָּבָה,מרכבה
לִמּוּדֵי,למודי
וְהַמַּשְׁפִּיעַ,והמשפיע
תִּפְאֶרֶת,תפארת
וְלוֹמֵד,ולומד
שֶׁיַּשְׁפִּיעַ,שישפיע
בְּמַדְרֵגָתָם,במדרגתם
בִּפְרָטוּת,בפרטות
לוֹמֵד,לומד
מִקְרָא,מקרא
יַחַס,יחס
פְּרָטִי,פרטי
וּבִהְיוֹתוֹ,ובהיותו
מִשְׁנָה,משנה
הַהוֹד,ההוד
וְהַגְּמָרָא,והגמרא
הַכְּלוּלָה,הכלולה
שֶׁמֵּבִיא,שמביא
רְאָיָה,ראיה
לְדִינֵי,לדיני
הַכָּתוּב,הכתוב
יָחַד,יחד
לְהִזָּהֵר,להזהר
מֵהַדִּבּוּר,מהדבור
הַמֵּבִיא,המביא
לִידֵי,לידי
הִרְהוּר,הרהור
קֶרִי,קרי
נְבָלָה,נבלה
אֲפִילוּ,אפילו
דִּבּוּר,דיבור
טָהוֹר,טהור
לְהִשָּׁמֵר,להשמר
וַהֲכִי,והכי
דָּיֵק,דייק
לִישָּׁנָא,לישנא
דִּקְרָא,דקרא
"""אַל","""אַל"
פִּיךָ,פִּיךָ
לַחֲטִיא,לחטיא
"בְּשָׂרֶךָ""","בְּשָׂרְךָ"""
הִזְהִיר,הזהיר
לְהַחֲטִיא,להחטיא
בְּשַׂר,בשר
אוֹת,אות
בְּרִית,ברית
בְּקֶרִי,בקרי
"""לָמָּה","""לָמָּה"
יִקְצֹף,יקצוף
"הָאֱלֹהִים""","הָאֱלֹהִים"""
נִבְלוּת,ניבלות
מַאי,מאי
שֶׁהַדִּבּוּר,שהדיבור
מֵבִיא,מביא
בְּשָׂרֶךָ,בשרך
שֶׁמַּחְטִיא,שמחטיא
קוֹל,קול
הַנִּמְשֶׁכֶת,הנמשכת
חָזַר,חזר
הַקּוֹל,הקול
וְהַדִּבּוּר,והדבור
לְאוֹת,לאות
לְהַרְהֵר,להרהר
יַשְׁחִית,ישחית
הַקֶּשֶׁת,הקשת
וְהַקֶּשֶׁת,והקשת
דְּרוּכָה,דרוכה
לְשַׁלַּח,לשלח
חִצִּים,חצים
לְמִדַּת,למדת
מַטָּרָה,מטרה
לַחֵץ,לחץ
שׁוֹמֶרֶת,שומרת
הַטִּפָּה,הטפה
הַיּוֹרֶה,היורה
כְּחֵץ,כחץ
עָנָף,ענף
פֶּרִי,פרי
וּכְשֵׁם,וכשם
יִדְרֹךְ,ידרוך
הַמַּטָּרָה,המטרה
הַנִּזְכֶּרֶת,הנזכרת
יַקְשֶׁה,יקשה
בְּטָהֳרָתָהּ,בטהרתה
הַזִּוּוּג,הזיווג
וּמְאֹד,ומאד
וְעִקַּר,ועיקר
הַשְּׁמִירָה,השמירה
שׁוֹמֵר,שומר
הַהִרְהוּר,ההרהור
לְהַשְׁפִּיל,להשפיל
וְיָשִׂים,וישים
וְיַעֲמִיד,ויעמיד
כְּדַל,כדל
שׁוֹאֵל,שואל
וּמִתְחַנֵּן,ומתחנן
וּלְהַרְגִּיל,ולהרגיל
עָשִׁיר,עשיר
דָּבֵק,דבק
מְאוּמָה,מאומה
נֶעֱזָב,נעזב
לְרַחֲמֵי,לרחמי
הַלֶּחֶם,הלחם
אֹכֵל,אוכל
וְיַכְנִיעַ,ויכניע
וְיֵעָנִי,ויעני
בְּעֵת,בעת
תְּפִלּוֹתָיו,תפלותיו
שֶׁזּוֹ,שזו
נִפְלָאָה,נפלאה
וּלְהֵפֶךְ,ולהפך
"""וְרָם","""וְרָם"
לְבָבֶךָ,לְבָבֶךָ
"וְשָׁכַחְתָּ""","וְשָׁכַחְתָּ"""
שֶׁהַשִּׁכְחָה,שהשכחה
הַחִצוֹנִית,החצונית
וְדָוִד,ודוד
הִתְנַהֵג,התנהג
הַרְבֵּה,הרבה
כה,כה
וְעָנִי,וְעָנִי
"אָנִי""","אָנִי"""
אַנְשֵׁי,אנשי
בֵיתוֹ,ביתו
לְהֵעָזֵר,להעזר
כֻלָּם,כלם
יֹּעִילוּהוּ,יועילוהו
נִשְׁפָּט,נשפט
סִלּוּק,סילוק
יְלַוּוּהוּ,ילווהו
קִבְרוֹ,קברו
דִּינָיו,דיניו
מִפֶּתַח,מפתח
הַקֶּבֶר,הקבר
וְאֵילָךְ,ואילך
לְגָלוּת,לגלות
בְּסֵפֶר,בספר
הַזֹּהַר,הזוהר
יִגְלֶה,יגלה
מִמָּקוֹם,ממקום
לְמָקוֹם,למקום
יֵעָשֶׂה,ייעשה
הַגּוֹלָה,הגולה
וִידַמֶּה,וידמה
גָלִיתִי,גליתי
כְּלֵי,כלי
תַשְׁמִישַׁי,תשמישי
עִמִּי,עמי
כְּבוֹד,כבוד
שֶׁגָּלְתָה,שגלתה
וְכֵלֶיהָ,וכליה
עִמָּהּ,עמה
שֶׁחָסְרוּ,שחסרו
בְּסִבַּת,בסבת
הַגָּלוּת,הגלות
יְמַעֵט,ימעט
בְּכֵלָיו,בכליו
יְכָלְתּוֹ,יכלתו
מו,מו
"""כְּלֵי","""כְּלֵי"
גוֹלָה,גוֹלָה
עֲשִׂי,עֲשִׂי
"לָךְ""","לָךְ"""
בַּגּוֹלָה,בגולה
גֵּרוּשִׁין,גירושין
וְיִתְגָּרֵשׁ,ויתגרש
מִבֵּית,מבית
מְנֻחָתוֹ,מנוחתו
שֶׁהָיוּ,שהיו
מִתְגָּרְשִׁים,מתגרשים
וְעוֹסְקִים,ועוסקים
יְכַתֵּת,יכתת
סוּס,סוס
וָרֶכֶב,ורכב
קמו,קמו
"""שִׂבְרוֹ","""שִׂבְרוֹ"
"אֱלֹהָיו""","אֱלֹהָיו"""
לְשׁוֹן,לשון
שֶׁבֶר,שֶבֶר
מְשַׁבֵּר,משבר
לִכְבוֹד,לכבוד
לְיִרְאָה,ליראה
הַשֵּׁם,השם
מִמִּדַּת,ממידת
שַׁעַר,שער
הָעֲבוֹדָה,העבודה
כֻלָּהּ,כולה
הַנִּכְבָּד,הנכבד
וְהַנּוֹרָא,והנורא
הַיִּרְאָה,היראה
מְסֻכֶּנֶת,מסוכנת
לִפָּגֵם,ליפגם
וּלְהִכָּנֵס,ולהיכנס
יָרֵא,ירא
הַמִּיתָה,המיתה
מִגֵּיהִנֹּם,מגיהנם
יִרְאַת,יראת
הָעִקָּרִית,העיקרית
בִּשְׁלֹשָׁה,בשלשה
גְּדֻלָּתוֹ,גדולתו
הָאֲרִי,הארי
הַדֹּב,הדוב
הָאַנָּס,האַנָּס
הָאֵשׁ,האש
שְׁלוּחִים,שלוחים
קְטַנִּים,קטנים
וְלָמֶה,ולמה
יִירָא,יירא
הַגָּדוֹל,הגדול
פַּחֲדוֹ,פחדו
מִגְּדֻלָּתוֹ,מגדולתו
יֶחֱטָא,יחטא
לְאָדוֹן,לאדון
דֹּב,דוב
יֹאכְלֵהוּ,יאכלהו
בָּרוּךְ,ברוך
מִפַּחֲדוֹ,מפחדו
וּגְדֻלָּתוֹ,וגדולתו
יְדַמֶּה,ידמה
הַשְׁגָּחָתוֹ,השגחתו
צוֹפֶה,צופה
וּמַבִּיט,ומביט
הָעֶבֶד,העבד
מֵרַבּוֹ,מרבו
וְהָאָדָם,והאדם
פְקוּחָה,פקוחה
דְּרָכָיו,דרכיו
וְיִפְחַד,ויפחד
יִרְאֶנוּ,יראנו
מְבַטֵּל,מבטל
הַשְּׁלִישִׁי,השלישי
מֻשְׁרָשׁוֹת,מושרשות
בִּסְפִירוֹתָיו,בספירותיו
וְהַחוֹטֵא,והחוטא
הֵיכָלוֹ,היכלו
הֵיכַל,הֵיכַל
מְלֻכְלָךְ,מלוכלך
מִמַּעֲשָׂיו,ממעשיו
הָרָעִים,הרעים
הָרְבִיעִי,הרביעי
שֶׁפְּגַם,שפגם
דּוֹחִים,דוחים
וְיִירָא,ויירא
הַגְּדוֹלָה,הגדולה
לְהַפְרִיד,להפריד
חֵשֶׁק,חשק
הַמַּלְכָּה,המלכה
וְהַיִּרְאָה,והיראה
כַיּוֹצֵא,כיוצא
יִרְאָה,יראה
תִדְבָּק,תידבק
הַהִתְנַהֲגוּת,ההתנהגות
לִקַּח,ליקח
דְּבֵקָה,דבקה
תִפָּרֵד,תפרד
בְּעוֹד,בעוד
נָשָׂא,נשא
אִשָּׁה,אשה
פְּשִׁיטָא,פשיטא
עִקַּר,עיקר
הַנְּקֵבָה,הנקבה
הַנְּקֵבוֹת,הנקבות
נְקֵבָה,נקבה
תַּחְתּוֹנָה,תחתונה
גַּשְׁמִית,גשמית
נוֹטֶלֶת,נוטלת
כְּסוּת,כסות
וְעוֹנָה,ועונה
וְהַשְּׁכִינָה,והשכינה
הָעוֹמֶדֶת,העומדת
לְבָרְכוֹ,לברכו
שֶׁיִּתֵּן,שיתן
וְיַחְזֹר,ויחזור
לְאֵשֶׁת,לאשת
בְּרִיתוֹ,בריתו
כְּעִנְיַן,כענין
אִימָּא,אימא
עִילָּאָה,עילאה
הַצֹּרֶךְ,הצורך
וְאִימָּא,ואימא
תַּתָּאָה,תתאה
כַּנּוֹדָע,כנודע
תָבֹא,תבוא
פּוֹרֵשׁ,פורש
מֵאִשְׁתּוֹ,מאשתו
סִבּוֹת,סיבות
נִדָּה,נידה
עוֹסֵק,עוסק
וּבוֹדֵל,ובודל
מִמֶּנָּהּ,ממנה
הַחֹל,החול
הוֹלֵךְ,הולך
בַּדֶּרֶךְ,בדרך
וְשׁוֹמֵר,ושומר
וּבִזְמַנִּים,ובזמנים
וּקְשׁוּרָה,וקשורה
מַנַּחַת,מנחת
וְנִפְרָד,ונפרד
שָׁלֵם,שלם
זָכָר,זכר
וּנְקֵבָה,ונקבה
מִזְדַּוֶּגֶת,מזדווגת
לִזָּהֵר,ליזהר
יוֹצֵא,יוצא
לַדֶּרֶךְ,לדרך
זָרִיז,זריז
וְנִשְׂכַּר,ונשכר
לְהִתְפַּלֵּל,להתפלל
תְּפִלַּת,תפלת
הַדֶּרֶךְ,הדרך
וְלֶאֱחֹז,ולאחוז
שֶׁבְּסִבָּה,שבסיבה
שְׁמִירַת,שמירת
עוֹמֶדֶת,עומדת
זָהִיר,זהיר
וְעוֹסֵק,ועוסק
בִּהְיוֹת,בהיות
כְּשֶׁשּׁוֹמֵר,כששומר
הַנִּדָּה,הנידה
כָּרָאוּי,כראוי
בְּלֵיל,בליל
טָהֳרָתָהּ,טהרתה
בְּבֹאוֹ,בבואו
זְמַן,זמן
בְּעִילַת,בעילת
וּשְׁכִינָה,ושכינה
נִפְתַּחַת,נפתחת
נְשָׁמוֹת,נשמות
קְדוֹשׁוֹת,קדושות
לִפְקֹד,לפקוד
פֵּרֵשׁ,פירש
"מ""ט","מ""ט"
הַפְּקִידָה,הפקידה
דַּוְקָא,דוקא
בִּמְקוֹמָהּ,במקומה
כְּשֶׁהִיא,כשהיא
צָרַת,צרת
הַצִּבּוּר,הצבור
אָסוּר,אסור
פָּרָשַׁת,פרשת
"ס""ט","ס""ט"
וּלְקַבֵּל,ולקבל
לְהִזְדַּוֵּג,להזדווג
וְשֶׁלֹּא,ושלא
שֶׁיְּקַשֵׁט,שיקשט
קִשּׁוּטִים,קשוטים
וּמַלְבּוּשִׁים,ומלבושים
נָאִים,נאים
שֶׁתִּקֵּן,שתקן
לְקַבְּלָהּ,לקבלה
וְנוֹשֵׂא,ונושא
כַּוָּנַת,כונת
נִשֵּׂאת,נישאת
פּוֹרֶשֶׁת,פורשת
בִּתְנַאי,בתנאי
שֶׁיְּטַהֵר,שיטהר
וִיקַדֵּשׁ,ויקדש
וְקָדוֹשׁ,וקדוש
שְׁלֹשָׁה,שלשה
שֶׁחַיָּב,שחייב
בְכָל,בכל
מְזוֹנָהּ,מזונה
לְכַסּוֹת,לכסות
יִשְׁלְטוּ,ישלטו
בְּעֵסֶק,בעסק
הַגּוּף,הגוף
וּלְתִקְוַת,ולתקוות
הַכָּבוֹד,הכבוד
הַמְּדֻמֶּה,המדומה
מָצוּי,מצוי
בְּאוֹתָהּ,באותה
בּוֹרַחַת,בורחת
"עֶרְוָ""ה","ערו""ה"
הָעֶרְוָה,הערוה
וּלְהַסְתִּירָהּ,ולהסתירה
יִשְׁלֹט,ישלוט
לְיֵצֶר,ליצר
תְּפִלִּין,תפילין
וְצִיצִית,וציצית
בַּעֲדָהּ,בעדה
לְיַחֲדָהּ,ליחדה
בְּעוֹנַת,בעונת
בִּקְבִיעוּת,בקביעות
עִתִּים,עתים
לַתּוֹרָה,לתורה
וּכְשֶׁיִּקְבַּע,וכשיקבע
עוֹנָה,עונה
עוֹנַת,עונת
וְיֵשׁ,ויש
רֶמֶז,רמז
לְהִתְחַבֵּר,להתחבר
הַזְּמַן,הזמן
עֵצָה,עצה
רַבָּה,רבה
וּגְדוֹלָה,וגדולה
יִתְקַשֵּׁר,יתקשר
וְיִתְנַהֵג,ויתנהג
יִפָּרֵד,יפרד
אֵיזוֹ,איזו
שׁוֹלֶטֶת,שולטת
וּלְהִתְקַשֵּׁר,ולהתקשר
וְלַעֲשׂוֹת,ולעשות
הַמִּתְיַחֵס,המתיחס
הַשּׁוֹלֶטֶת,השולטת
בַּלַּיְלָה,בלילה
מֵהַלַּיְלָה,מהלילה
שְׁכִיבַת,שכיבת
מִטָּתוֹ,מיטתו
הַשְּׁלִיטָה,השליטה
לַיְלָה,לילה
לִישֹׁן,לישן
הַשֵּׁנָה,השינה
וְאִילָנָא,ואילנא
דְמוֹתָא,דמותא
שָׁלְטָא,שלטא
וְיַקְדִּים,ויקדים
לְהִתְקַשֵּׁר,להתקשר
בִּבְחִינַת,בבחינת
קְדֻשָּׁתָהּ,קדושתה
מַלְכוּת,מלכות
בכונת,בכוונת
הַלֵּב,הלב
קָם,קם
בַּחֲצוֹת,בחצות
יִטּוֹל,יטול
מֵהַקְּלִפָּה,מהקליפה
וְיַעֲבִיר,ויעביר
מִבְּשָׂרוֹ,מבשרו
וִיבָרֵךְ,ויברך
"""בְּשָׁכְבְּךָ","""בְּשָׁכְבְּךָ"
תִּשְׁמֹר,תִּשְׁמֹר
"עָלֶיךָ""","עָלֶיךָ"""
"""וַהֲקִיצוֹתָ","""וַהֲקִיצוֹתָ"
"תְשִׂיחֶךָ""","תְשִׂיחֶךָ"""
וְתִתְקַשֵּׁר,ותתקשר
דְּיוֹקַן,דיוקן
בְגַן,בגן
הַנִּכְנֶסֶת,הנכנסת
לְהִשְׁתַּעֲשֵׁעַ,להשתעשע
וְעִמּוֹ,ועמו
בְּחֶבְרָתָם,בחברתם
מַקְשִׁיבִים,מקשיבים
לְקוֹלוֹ,לקולו
נָסַע,נסע
מֵהַמִּיתָה,מהמיתה
וְהַשֵּׁנָה,והשינה
הַחַיִּים,החיים
וְנִקְשָׁר,ונקשר
גַּן,גן
לְהִתְנוֹצֵץ,להתנוצץ
הַמִּתְנוֹצֵץ,המתנוצץ
בְּגַן,בגן
תְּרוּמָה,תרומה
שְׁלֹשֶׁת,שלשת
הַכְּלוּלִים,הכלולים
הִשְׁכִּים,השכים
וְעָלָה,ועלה
עַמּוּד,עמוד
הַשָּׁחַר,השחר
הִתְחִיל,התחיל
לְבֵית,לבית
הַכְּנֶסֶת,הכנסת
וְקָשַׁר,וקשר
"""וַאֲנִי","""וַאֲנִי"
בְּרֹב,בְּרֹב
חַסְדְּךָ,חַסְדְּךָ
"אָבוֹא""","אָבוֹא"""
וְכוֹלֵל,וכולל
וְנִכְנָס,ונכנס
לִכְנֶסֶת,לכנסת
וּמְכַוֵּן,ומכוין
בַּפָּסוּק,בפסוק
"""בְּרֹב","""בְּרֹב"
"חַסְדְּךָ""","חַסְדְּךָ"""
דָּא,דא
"""אֶשְׁתַּחֲוֶה","""אֶשְׁתַּחֲוֶה"
"קָדְשְׁךָ""","קָדְשְׁךָ"""
דְּמִסִּטְרֵיהּ,דמסטריה
הִשְׁתַּחֲוָיָה,השתחויה
לִכְפֹּף,לכפוף
קוֹמָתוֹ,קומתו
נֶגֶד,נגד
נִדְחֶה,נדחה
מִפָּנֶיהָ,מפניה
הַשָּׁעָה,השעה
נִדְחֵית,נדחית
מִפָּנָיו,מפניו
יֻמְשַׁךְ,יומשך
לְמַתְּקָהּ,למתקה
"""בְּיִרְאָתֶךָ""","""בְּיִרְאָתֶךָ"""
דִּכְתִיב,דכתיב
בֵּיהּ,ביה
כח,כח
יז,יז
"""מַה","""מַה"
נּוֹרָא,נּוֹרָא
"הַזֶּה""","הַזֶּה"""
כָּלַל,כלל
בְּמַחְשָׁבָה,במחשבה
וּמַעֲשֶׂה,ומעשה
מַחֲשָׁבָה,מחשבה
הַכַּוָּנָה,הכוונה
הַדִּבּוּר,הדיבור
הַפָּסוּק,הפסוק
וְהַמַּעֲשֶׂה,והמעשה
הַבִּיאָה,הביאה
וְהִשְׁתַחֲוָיָתוֹ,והשתחווייתו
שֶׁמִּתְקַשֵּׁר,שמתקשר
בְּמֶשֶׁךְ,במשך
הַיוֹם,היום
בְּבֵית,בבית
וְיִחוּד,ויחוד
הַבְּאֵר,הבאר
נִפְתָּח,נפתח
בַּבְּאֵר,בבאר
וּמְתַקֵּן,ומתקן
יְכֹלֶת,יכולת
עוֹלֶה,עולה
וּמִתְקַשֵּׁר,ומתקשר
וּמִתְנַהֵג,ומתנהג
שְׁעַת,שעת
הַמִּנְחָה,המנחה
בַּבֹּקֶר,בבקר
נִקְשָׁר,נקשר
וּבַיּוֹם,וביום
וּבָעֶרֶב,ובערב
בַּגְבוּרָה,בגבורה
לְיַחֵד,ליחד
קוֹשֵׁר,קושר
בִּסְעוּדָתוֹ,בסעודתו
הָעֲנִיָּה,הענייה
הִלֵּל,הלל
הַזָּקֵן,הזקן
"""יוֹדֵעַ","""יוֹדֵעַ"
נֶפֶשׁ,נֶפֶשׁ
"בְּהֶמְתּוֹ""","בְּהֶמְתּוֹ"""
לְנֶפֶשׁ,לנפש
בְּהֵמָה,בהמה
וּלְקָשְׁרָה,ולקשרה
בְסוֹד,בסוד
הַמָּזוֹן,המזון
שֶׁעָלָה,שעלה
לִשְׁעַת,לשעת
הִמְתִּין,המתין
לָעֶרֶב,לערב
וְיָרַד,וירד
בִּתְחִלַּת,בתחילת
הַלַּיְלָה,הלילה
וְנִכְנַס,ונכנס
וְקוֹשֵׁר,וקושר
יָצָא,יצא
יְיַחֵד,ייחד
לְבַד,לבד
קַבָּלַת,קבלת
תְּקוּפָתוֹ,תקופתו
בַיּוֹם,ביום
תְּקוּפַת,תקופת
בָּאוֹר,באור
הַשּׁוֹלֵט,השולט
עִקָּרָהּ,עיקרה
וְהַשְּׁאָר,והשאר
מְקֻבָּץ,מקובץ
מִמְּקוֹמוֹת,ממקומות
רַבִּים,רבים
מֵהַזֹּהַר,מהזוהר
בַּקְּדֻשָּׁה,בקדושה
עִטּוּר,עיטור
תָּם,תם
וְנִשְׁלַם,ונשלם
שֶׁבַח,שבח
לְאֵל,לאל
יוֹדֵעַ,יודע
נֶעְלָם,נעלם
"י""ב","י""ב"
לְמַרְחֶשְׁוָן,למרחשון
שְׁנַת,שנת
"""יֶעֱרַב","""יערב"
שִׂיחִי,שיחי
אֶשְׂמַח,אשמח
